Covariate,SMD_Before,SMD_After_IPTW
N_Unified_N2,0.44604204638048106,0.07107924970078444
N_Unified_N3,0.3757126870597881,0.04775903028470723
Sex_Male,0.3561207498523042,0.04284054131638838
Age_Median,-0.34788700345901663,-0.06921410340297374
Histology_Unified_Mucoepidermoid carcinoma,-0.2648309877879179,-0.05195174923718105
T_Unified_T4B,0.20414751620853638,0.014681160618138718
Histology_Unified_Adenoid cystic carcinoma,-0.1970286305560361,-0.011468985437728745
Histology_Unified_Squamous cell carcinoma,0.18788279593879087,0.01834351799346712
Histology_Unified_Carcinoma NOS,0.1801623691256538,0.03887249765794785
Histology_Unified_Small cell carcinoma,0.16953318835669048,0.07466853205624605
Histology_Unified_Adenocarcinoma,0.13209844457330722,-0.02589751896843708
Histology_Unified_unspecified neoplasms,-0.1095171356386787,-0.0963034061622129
N_Unified_N1,-0.10816795973471137,-0.0017579134858837142
Histology_Unified_Myoepithelial carcinoma,-0.10193239568268009,-0.04404463337260522
Histology_Unified_complex mixed and stromal neoplasms,-0.09477360354098452,-0.08409378940499564
"Histology_Unified_cystic, mucinous and serous neoplasms",-0.07732446730270591,-0.07156477103111969
Histology_Unified_squamous cell neoplasms,0.07092415487820214,0.019069394603680588
Histology_Unified_Mixed tumor,-0.06306369805485473,-0.0018694667459212483
T_Unified_T4A,0.05897858884099532,0.030140176912471266
Histology_Unified_Basal cell carcinoma,-0.0546358364708153,-0.04828678260761322
Histology_Unified_synovial-like neoplasms,-0.05463583647081529,-0.054646530565631804
Histology_Unified_adnexal and skin appendage neoplasms,-0.05463583647081529,-0.0642582262885909
Histology_Unified_Undifferentiated carcinoma,0.05121228023537961,0.039120169476143045
Histology_Unified_Adenosquamous carcinoma,0.040827677659869256,0.10840721678853192
Histology_Unified_Sarcoma,0.040827677659869256,0.08459948561505753
Histology_Unified_adenomas and adenocarcinomas,0.040827677659869256,0.0413428858748545
Histology_Unified_Carcinoma ex pleomorphic adenoma,0.022474913227930736,0.08154733808139447
Histology_Unified_Oncocytic carcinoma,-0.014847096010490456,0.006828768978707098
T_Unified_T4NOS,0.013747046220348494,0.015340109963995761
"Histology_Unified_epithelial neoplasms, NOS",0.013747046220348492,0.002264355912066227
Histology_Unified_Epithelial-myoepithelial carcinoma,0.012961746469389022,0.05725752056562481
Histology_Unified_Mucinous adenocarcinoma,0.00970461936051602,0.04095687006424058
Histology_Unified_Neuroendocrine carcinoma,0.0016519706483061512,0.08069772262546814
