Iteration,Delta_OS_Months
1,-2.780760050629013
2,-0.6429566350516964
3,-1.142030672163493
4,1.1098625653572185
5,-0.33414589167011854
6,-0.7114631348273477
7,-1.0101661783610325
8,0.08037673351880414
9,1.7056618135290478
10,-0.6022868862611617
11,-1.7624768945521296
12,-0.8406105709334
13,-1.547882438966397
14,-1.603572296867135
15,-2.0964912994567584
16,1.327774141413137
17,2.707567834610245
18,-3.947866268067777
19,-0.3346535457154971
20,2.0177196414685596
21,2.5105319728241113
22,1.812513710296841
23,-3.1149901067915096
24,-0.4378889325417603
25,-1.2212988485144862
26,3.7041757248609457
27,-2.2738598736083944
28,-2.1334080668462647
29,-1.9486668525975972
30,-1.9784347173989119
31,2.902063593126094
32,-0.9013932660361519
33,0.7670652254615575
34,-3.33797957782339
35,1.179148773511045
36,-2.107333405372941
37,2.475382488078324
38,-0.23173417695242193
39,0.5821329908529975
40,-1.3238620832912318
41,-2.6783075814611124
42,1.1711521507096876
43,3.0694749319400145
44,-0.003545095125375042
45,-4.023928718761439
46,0.7660128673998514
47,1.1331795252356045
48,2.284257812370221
49,-0.20726643549860313
50,-1.406521201107246
51,-0.5994318206215894
52,0.5364447200338134
53,1.638225552033873
54,-0.3389217508158566
55,-1.8027477865591237
56,0.8559568634811754
57,1.5582230687433878
58,0.8028286357339738
59,0.7161839240395977
60,-0.7819638817390455
61,-1.1192653159692227
62,-0.9668571373368948
63,0.0846189419675909
64,-0.028413264313215336
65,-1.843047704984798
66,-0.24535995651669396
67,-1.2442580248387785
68,0.5029290594156919
69,1.8860467834592924
70,-2.959304024594921
71,0.892140421108941
72,1.2559705960065486
73,-0.7061204263920402
74,-0.154196480336104
75,1.8036548376810444
76,-1.947475528597927
77,-3.9372803422638682
78,1.931090973696179
79,-1.1395604417416578
80,0.9525509705107424
81,2.269176722621296
82,1.3615245759298702
83,-1.1952923602535606
84,1.4954994587898227
85,1.4478048856594796
86,-2.6097105880708824
87,0.007622135573924993
88,1.6546382221304512
89,-0.39981546300248993
90,-1.6842975456990672
91,1.3880861364794654
92,-1.999815610189998
93,1.6696824887339758
94,-1.0399802363933475
95,1.0958988464585318
96,-2.2819756287682225
97,1.3542099010565636
98,-0.1825928308555831
99,-1.5675493547338633
100,-0.5082482676244027
101,-1.5137992646544092
102,-0.8958286475387851
103,-1.1890354675858248
104,-0.4385315608528231
105,0.7484990994091305
106,3.3430336251380837
107,-1.3165605062372805
108,0.38966244123114535
109,-2.345209492725111
110,1.1949795015957676
111,0.6249466793890477
112,-0.37133678736409337
113,-1.0723155124494141
114,-2.4093397908189615
115,-2.457268458448638
116,-2.5432206248490132
117,0.08039602952150915
118,-2.5151075980872903
119,-0.97206718600399
120,0.7707438570808378
121,-2.277406921859736
122,1.4863519863425623
123,-0.8241840917966954
124,1.7363875397823563
125,1.8395614435558727
126,-3.1914147240675774
127,-6.716290232938007
128,-3.2833526252625447
129,3.4796630264048503
130,-1.030114248590003
131,-0.03983916075979721
132,-0.1419060195876085
133,0.052743302216782695
134,0.3346951519267094
135,-1.292664273957243
136,0.8198005511955699
137,-1.412577926490087
138,0.15182696998738265
139,0.4374053841903631
140,0.607181144136355
141,1.9763906043673956
142,1.4466564505075041
143,-0.6112735718819806
144,0.4117237235547293
145,1.9882315418845522
146,-2.2424137708040988
147,-3.206035184319653
148,-0.9713022853248887
149,-0.12852481085534606
150,-1.2132791047104377
151,-1.1121237773988213
152,0.9946912907915504
153,-0.743298492539715
154,1.611902658922837
155,0.9910530944038669
156,-3.812456187607424
157,0.5884424202803089
158,-1.93789367238152
159,0.9719536455002213
160,1.4666463411289072
161,0.8387243153208175
162,0.4110962719096207
163,1.559664874549945
164,-2.839845792578579
165,-0.9677564214983008
166,3.0217211683858665
167,1.1653802783829832
168,0.09512444555425503
169,1.099721414632043
170,0.6498130510736289
171,-1.1439807570331268
172,-0.9686346032528519
173,1.80213012023205
174,4.099029503879109
175,1.6769617421722103
176,-0.788639696761301
177,0.7739817760019818
178,-0.05481648699582564
179,1.7657085563538857
180,0.7069482073835118
181,0.20214713372954662
182,2.2800180237548844
183,-2.144772717642745
184,0.2638576824232217
185,-1.7016696859406437
186,1.3631816216542205
187,0.5401508101032633
188,0.6381019113641955
189,1.4698818048080469
190,-2.622645603408543
191,0.2380793404021233
192,-1.184938458786533
193,-2.3013738310221328
194,-2.003479693759182
195,1.5644000000293659
196,-0.36773427314068385
197,-0.5371753190516415
198,-3.570757082034163
199,-1.7182726905571073
200,-2.9462959255440566
201,-2.210051155967591
202,-1.4834773482790027
203,-4.629600685781206
204,-1.307714603579761
205,-1.063770471321675
206,-0.6374860433186171
207,-1.3260053872642317
208,-4.530241643572026
209,-2.4978957230259127
210,1.0173149748249273
211,0.43931193843075533
212,0.26343052870940653
213,3.4966126280978074
214,1.561797165171754
215,-1.0025254378811823
216,-1.9038116286577775
217,-0.09877000890386256
218,0.42952949151037956
219,0.8036997499575165
220,0.0007180303096632201
221,-2.762915305198554
222,-0.8849029221086653
223,1.939815275657054
224,-1.2497222856306394
225,1.0705869316536152
226,0.9774151489896923
227,-0.6643027487723074
228,2.664295012005546
229,0.7647765613913506
230,-3.4759595604077873
231,-1.0762358280254603
232,-2.2875828389093087
233,0.5850057303043172
234,1.4825608524838998
235,1.8928907787507967
236,1.753205501582059
237,-0.4665382855526161
238,-1.6171162855172128
239,-0.900882394777426
240,-1.9187678940683384
241,0.741352822441641
242,2.5341937283054605
243,2.321605397464019
244,-2.363789939101423
245,0.5154292829529297
246,0.1922590095625054
247,0.23143475477176167
248,1.8081724294570876
249,-0.9725323592795192
250,2.1246600196577035
251,-2.046202888907814
252,-1.1641762291202014
253,0.16843605123025895
254,-5.412293287684001
255,-1.4706213079414496
256,-4.8652682563604515
257,-1.621854219215102
258,-1.8933825334507972
259,1.0218841438239963
260,-0.559882812196733
261,1.489598453476674
262,-1.3582144738243613
263,-0.12816943926593893
264,-2.5668212696112676
265,-2.9525349948546378
266,-2.217278117741756
267,-1.5634277920313053
268,-1.3160542475773838
269,1.3772444445555223
270,0.1234860210156441
271,-0.620312012336349
272,2.938238574696527
273,-0.8475880222363799
274,-0.2323699266547763
275,1.9677658413248835
276,-2.9623050631564496
277,0.44854294981431053
278,-2.2830906426546207
279,-1.9975910882410304
280,1.4756226449796301
281,1.1800498364700758
282,-0.20318362967167758
283,-2.6319152992082024
284,0.39304268887211435
285,-1.4771665265314837
286,1.2992194120246836
287,-0.2989366904476114
288,-1.2638601458735934
289,-6.928521856044689
290,0.45583403557556323
291,-8.94974210195722
292,-1.2672092431231547
293,-1.7635547777030354
294,-0.9815332070179394
295,1.5160101643965902
296,-0.6612254090166516
297,3.505640265676874
298,4.040945602706991
299,1.524821920230778
300,3.557411607290618
301,3.6675305409100147
302,-2.9854711320419653
303,-1.1740458794243906
304,-2.3727857861424084
305,-1.0989317540312982
306,-0.03222478628196512
307,-2.0977509544537867
308,-3.8595146281734856
309,0.34752994673863213
310,-2.655374941403622
311,-0.048436375936013576
312,-2.9865107861794584
313,1.087668101183695
314,1.3720467782868297
315,-0.3794355908420499
316,-0.599266477932602
317,-1.0253693773442762
318,-1.6127537177020628
319,-0.6765061604231732
320,0.6840459447835912
321,0.8170421025329375
322,-0.21981797213884136
323,-0.3900036010682584
324,-1.3790545024547143
325,-1.8607318403001685
326,0.8548598759088364
327,-0.5264617783074499
328,0.04784422920896958
329,-1.2034856918338548
330,-2.0522740726773065
331,-0.18656152550171612
332,-1.9873663567354356
333,-1.392219923010785
334,0.7138169215266785
335,-0.7980165040588645
336,-0.8416940110064886
337,-1.6474154758396224
338,-2.367045986793535
339,-0.7809315956205509
340,-2.0853958290403156
341,3.2782562137757196
342,-1.4603705671429594
343,1.3601629857985102
344,-1.6459390816041477
345,0.4203267972750311
346,-0.8014697554035166
347,-1.2562104290455025
348,0.875644125106696
349,-3.3813542272432073
350,-1.474471361316212
351,0.1835339372085656
352,-1.1032485111375863
353,1.8040367883724713
354,0.7241467644946482
355,-0.7804766342578873
356,0.2616352708231986
357,-0.42587649505188807
358,0.2489360274060033
359,-1.7953296222179418
360,1.8905309008514166
361,1.6093410863021234
362,1.5954761872564163
363,-2.8160031972225354
364,1.9863568766298485
365,0.07835790297015421
366,0.9012100670478276
367,0.1983851252733828
368,-3.967082840375369
369,-0.1575869892156021
370,-1.8455451645088061
371,2.3622414276397024
372,-3.3289905571001412
373,3.135352426793645
374,-1.5518270321467753
375,-0.6699269789462647
376,-2.381393306823348
377,-0.12474801941817759
378,-1.9732469174985994
379,-1.7787718855228434
380,-0.5462627947892074
381,0.6560032008774002
382,0.4195159434507687
383,-0.011175533654636638
384,0.020273323771228036
385,-1.7136981138244636
386,-6.469481259035788
387,0.23654271652199554
388,1.6662886203565463
389,-1.0990081325361913
390,1.206127821790922
391,-1.6148648260259293
392,1.4222484274216924
393,-0.8983570618603309
394,0.6881833103580561
395,1.5947139163088053
396,-1.1354482577298626
397,-0.05480191626618591
398,-1.5408024759507555
399,-0.6615472692783442
400,-1.5028937249986143
401,0.44215718820397143
402,-4.933905011196394
403,0.9089010329809639
404,-1.2408478431246408
405,-0.04947849792240078
406,-1.0166365861999438
407,-4.11377559716302
408,-1.3506560403503514
409,-0.7117913564426459
410,-3.692072992054385
411,1.994547692246627
412,-0.29705387146206874
413,0.5238373351329386
414,0.7149864743387369
415,-0.0824607501743273
416,0.6990884532744417
417,-0.9040531879004021
418,0.9653239693894378
419,-2.69427545977657
420,0.7942394964125938
421,-1.7689114898576292
422,-0.45754755985792883
423,-1.6617397991617295
424,-2.861700665370961
425,-0.9218901218592208
426,3.630884706226219
427,0.6548791253670316
428,3.772440262983089
429,-0.7562145468486747
430,0.04336445193143135
431,-3.2301347943695404
432,1.406824170344727
433,-1.1988011956080058
434,-1.1615448711278944
435,0.6812985092483714
436,-2.513676283469856
437,-2.4851451048703552
438,0.4855035794498761
439,-0.4727578172283984
440,-0.04943523240847014
441,-0.39156341824246965
442,-1.3486278513021759
443,0.769154898841812
444,0.5150094688928348
445,0.9796799968656771
446,-2.6055263109054323
447,0.8550221915153458
448,1.3985337854705904
449,-1.410035660919867
450,-1.735694510756737
451,-1.414394137220036
452,1.4645771024330827
453,-1.6273834545417003
454,-1.1634331511872915
455,-2.5266407892313367
456,-1.305458324459913
457,1.0292841889164848
458,0.6256390548537354
459,-3.064273683695589
460,-2.1452038859700764
461,-2.8756593185952823
462,-2.4145639525565272
463,3.1085415937382592
464,0.016055242024798133
465,-0.9984194731462139
466,-1.5091055396052369
467,-1.8387542381193072
468,-0.5346297342693518
469,1.7785647991747169
470,0.2237079951061105
471,0.3510544679264669
472,-0.8238451329939807
473,-2.3382613510156247
474,-1.7253664226271113
475,6.734221603744217
476,1.7637289188699086
477,-0.7347055063594752
478,-4.259531942162255
479,0.38620631573087394
480,0.051701521422124586
481,0.11978336946962287
482,2.5807286113391967
483,-0.22949386852027942
484,-1.7581275633744582
485,-3.6070545588996197
486,5.03278652902177
487,0.1685353985122191
488,-0.8479012732524893
489,0.21279040072399624
490,3.2956385525991436
491,4.416772312149277
492,-1.1592381992808996
493,-0.9808935809859349
494,1.7117636743688962
495,-4.559237520358607
496,-0.8201753367904132
497,1.1716690882122691
498,-0.7060017341809015
499,-1.1642941695203461
500,-3.7698929108185695
501,-1.1318897000482835
502,1.7475767706409968
503,3.27114420732768
504,-1.8612140022669976
505,-2.5078571313468885
506,1.418269874334733
507,-3.1186572834341177
508,-0.0906819374104586
509,0.12440977748686066
510,-2.665306629037822
511,-0.5008939511038335
512,1.5095840322132545
513,0.3868154146949365
514,2.6974537848187694
515,0.810523480063793
516,-0.10006924710552312
517,-0.26585312353669366
518,-1.9366527630846306
519,-5.606417765181597
520,-4.706427134712413
521,-0.5901619855550848
522,-1.5253826425441375
523,-0.1787707149333997
524,-0.5535307946232706
525,1.2477004471122015
526,-0.4841310712177318
527,0.0520493080732507
528,1.6496389972663152
529,2.3220358351448738
530,-0.2326057632613896
531,0.7009361921209489
532,0.7113803067728668
533,1.1684500723008426
534,0.44567682209026316
535,-0.221475222463539
536,1.478539840456797
537,4.880627228274776
538,-0.46404393263814825
539,-2.5934894354009757
540,2.8783644541758306
541,-0.37472735029270154
542,2.7035708679894412
543,-0.5230509634168001
544,-3.7203784339265837
545,-0.5390927536576555
546,3.7227880009237566
547,-4.132223475748013
548,-1.1522487648980189
549,-2.3592839070494662
550,-0.26696689337047985
551,0.47367783507482386
552,-1.4550148547294697
553,-1.7307865674596812
554,0.09748897615934027
555,-1.2367321058065244
556,1.4248288331869787
557,1.448577347239862
558,0.06296119784935428
559,-0.9284928202598408
560,-1.0293963610519086
561,1.489570688781555
562,-1.6189626313528507
563,4.519906292477984
564,0.14890697979219425
565,-1.2234342967389935
566,0.3981020400237085
567,0.08650414840560217
568,-3.024958385923952
569,-1.8316613753025024
570,3.059177192241691
571,-2.2675185461836094
572,-3.332602330595094
573,-0.029416190640084494
574,1.2820522772445102
575,1.785421869617629
576,-1.0377535954620427
577,1.6190661855669077
578,-1.6998549639081162
579,-1.8285047154165497
580,-1.2847593628557306
581,0.4913690841423062
582,-1.4549585899226614
583,0.6466139376544575
584,1.71884360863924
585,-1.1075858744201525
586,-1.8061216349218085
587,3.69923907353094
588,-2.0839155332347303
589,-1.9663432655035251
590,-0.7263626375484549
591,-2.0758785992286235
592,-2.5529434542250655
593,0.0032495615046741477
594,1.4332690314202239
595,-2.7652308119889994
596,-0.8169549835469567
597,4.6830200043250585
598,-2.070291748434329
599,-2.557575851806277
600,-2.310541268303723
601,2.8730225729332304
602,-1.8083623269617988
603,-2.936427700115779
604,-0.5531466291871467
605,-2.2120955993381983
606,-1.6671110775446039
607,-2.3340732038714975
608,-0.6549987145128
609,2.152283567915582
610,0.4180080162140811
611,0.6087503928704407
612,1.489332338979878
613,-0.801562493852721
614,5.5914832819495
615,-1.7446252307995707
616,-1.266370273657543
617,0.19354946005251605
618,-0.6593027373385922
619,1.8661391794081865
620,1.5896934877410729
621,1.6225977607765358
622,1.346501541428779
623,-0.9376471029929121
624,-2.600971539211649
625,-3.5768209984936234
626,0.3817472931609771
627,-0.8677233857522708
628,-0.9910403283798459
629,0.6988550601090964
630,-0.8238671744248194
631,-0.9311167014431092
632,2.018173388625385
633,0.5579553817761749
634,-0.0772505057875108
635,-0.9302323906202759
636,-0.49847504802600895
637,-0.745511435033265
638,3.0903228184149967
639,-4.20217454007598
640,0.6855060092398517
641,0.5872330164331103
642,0.7963632446662388
643,0.5538957270930212
644,0.7108936498396758
645,-1.1131927203623917
646,-2.446024548143562
647,0.04910679892221026
648,-1.675375790248232
649,0.8681179761396649
650,-2.912015455680411
651,0.2007700653359521
652,0.5127681262154482
653,-2.430826380029231
654,-2.275602223852566
655,-0.9763694998280315
656,-1.381216641373129
657,-1.963535729545825
658,2.297662893703915
659,-2.971133063113257
660,-1.9071899642568013
661,-1.2374257045657941
662,-1.943363425503449
663,0.1537959444485253
664,0.7984981286635957
665,-1.299834407058512
666,1.4687787666982928
667,0.5631496601484614
668,0.8550221915153458
669,1.4398100371966578
670,-0.7489878123849465
671,-2.6487003444426733
672,2.7438708974092734
673,-0.9764248377042719
674,0.3681162370547355
675,1.6076634835084462
676,-1.289761028197887
677,-0.8167867383230742
678,2.997224427941511
679,0.3217712858831234
680,-0.3767346499182338
681,0.05016054917433621
682,-1.3113683666879794
683,-2.0347224466846683
684,-0.6628520263448081
685,-2.1035936719249335
686,-0.1265629744304846
687,-0.5703313717427108
688,-0.5563435255019016
689,-1.8446331189169527
690,-1.588287184726859
691,2.5605325588802685
692,-2.307229022286222
693,0.559955992385774
694,-0.3324848974702945
695,0.9699362670438703
696,-1.200241486788748
697,0.9042446409517737
698,-0.5285279284574642
699,-1.7149736203057415
700,-2.0094305469032463
701,0.95492433071216
702,-1.4117272313006168
703,-0.8796456782577735
704,-2.238255915794504
705,2.3250678540817944
706,3.8978276378798213
707,0.25397826486526043
708,-0.9935001581344665
709,-0.6204729019809108
710,2.3111218351812113
711,0.39461794334594913
712,-1.4183315958578575
713,0.5161712797761169
714,0.6142692213503693
715,-0.6369873825931762
716,-0.2665000006061149
717,-2.9474545713807316
718,0.32100232455777444
719,-1.57752226310636
720,-1.6983587754831646
721,0.39161155730366204
722,-2.3013738310221328
723,1.6720157166860048
724,-2.4025308350526444
725,-1.1713769631964155
726,-1.7319918761023985
727,0.8067499578201591
728,-2.0996511296010496
729,1.1183913655177449
730,-3.0179617683990827
731,0.7763717302628237
732,-1.4930582885041233
733,2.5478156519200823
734,0.4271814494264987
735,-1.5465147059801225
736,-0.991836961246662
737,0.2777497317446702
738,3.463321981773248
739,-3.4081238814464285
740,1.332530945796364
741,0.12557786567624163
742,0.24713240468845754
743,-1.071164732093692
744,0.6836403698354303
745,-1.3990614994599184
746,-0.9914692048397953
747,-1.5073092555840049
748,0.2799967888196946
749,-1.6631407642647247
750,-2.412232798757394
751,-0.3464975143915865
752,0.4266410512392369
753,-4.281456933981076
754,-0.5944703353238765
755,-0.8194737678917505
756,2.1267656403139057
757,0.12462612257751005
758,-0.49514966578323794
759,1.5345043742849498
760,-0.8186855712279382
761,-0.9311167014431092
762,0.5571224835191657
763,-1.137284185340441
764,0.7834647899613358
765,2.072519974286301
766,2.9736264432350055
767,0.10658942460678134
768,-0.9136892034939024
769,1.9590359469811176
770,-2.3233943585899794
771,0.5505063526660834
772,1.3061503829190144
773,-0.09333928124858915
774,0.2999449318187928
775,1.470433651016215
776,4.185235979902892
777,-0.33416295016499475
778,-1.2946192245084518
779,-1.9206790508877418
780,0.6762549509969276
781,-1.5739848398545604
782,1.2631054507649466
783,0.329870330288756
784,-3.7560932327312173
785,-0.8338097273321381
786,-2.8217609067767455
787,1.5757233944316624
788,-1.1151054951266133
789,-0.41518976444228173
790,-3.089575794901883
791,0.5802999802045079
792,2.456336330792581
793,0.3049384951206804
794,1.364967213647219
795,0.19148838887634412
796,-4.478737509849211
797,2.9138274002351494
798,-1.6166869510053274
799,1.9675969274646832
800,-0.6746652588368178
801,-2.79771321952083
802,-3.396196392001997
803,-1.0690406274834672
804,-3.118968222671178
805,-1.3995080451855273
806,0.26492301676718455
807,1.4308297375053627
808,-0.07071705165377296
809,1.0666714421465429
810,-1.3636348139693837
811,-2.9298606072624054
812,1.759785508913069
813,2.0953921353151728
814,0.23777758820592965
815,-1.21702085353067
816,-2.045618430056521
817,2.1309436432974493
818,2.087961732326562
819,-3.9840006635855687
820,-0.572510298282765
821,-0.5947150826348491
822,-0.45350771938078793
823,-0.378725414528418
824,-0.1468474689196384
825,-2.481275093299736
826,-1.6551519955586969
827,0.9928360764849842
828,1.4072619092886285
829,0.5716203940432649
830,0.10854994142462004
831,-2.9670355363661827
832,0.19820718571710927
833,-0.8754556284812409
834,-2.2768304595053195
835,-2.2853542881660616
836,-1.447990438135811
837,-1.0215421857338782
838,1.8810155572134306
839,-3.183619792816046
840,-1.45914598855952
841,-0.009579079813647695
842,-1.0639169669464223
843,-0.9390389438081428
844,-1.109355347994608
845,-2.266409006364583
846,-1.6569019897653874
847,-2.070398962181052
848,-2.0226235274798796
849,-1.748272311247817
850,1.109856890168544
851,0.05268544561458555
852,-0.4968677898885474
853,-0.27118384018800157
854,1.8813825539267413
855,-2.4660551360204863
856,0.5644690530326741
857,1.3214728312265294
858,0.5591942862620698
859,-1.6489561225659628
860,-2.7518947347791993
861,-3.2256704161516936
862,-1.0521661801877045
863,-1.2855336582706727
864,0.6779966470235905
865,0.7742243083509024
866,0.8083298470228044
867,5.413130948050551
868,-0.05345171227978085
869,-2.647744960978926
870,-2.9014794096626417
871,0.31978373548110994
872,-0.029641115493554082
873,1.351906797231706
874,0.5569645693416518
875,-3.195448825618783
876,0.8375587350684413
877,-1.3778588398449045
878,-1.7210566737623338
879,-0.9868204127553355
880,3.411655185766122
881,0.054467718263929044
882,1.4239782169338753
883,-1.3242915852165353
884,-2.572809513851631
885,-1.6690351777586656
886,1.1587026721172222
887,1.8810155572134306
888,-0.34045134711114144
889,-0.9341510975443441
890,-1.3610993582114403
891,-0.8361777736003759
892,-1.2089233773013106
893,-4.360388596586773
894,1.028328857579453
895,-3.780117899188376
896,2.585740230375926
897,-0.6648581582752726
898,1.040396555133455
899,-0.9867693873040295
900,-3.242030600925709
901,0.8839668416852859
902,0.6824501876439157
903,0.4669654994386221
904,1.014163959467588
905,-1.0461446222238493
906,-0.5433275101386172
907,-2.5619411715450298
908,2.4649805536705074
909,-1.1499302236269031
910,-0.3963106997069019
911,-2.872251631962243
912,-2.740796208544431
913,0.890820478611829
914,-0.9905702123831119
915,1.7832872861513565
916,-0.15964223601484662
917,0.0020452020745693744
918,-1.662198011249302
919,0.5291375871685702
920,-2.4741617028191243
921,-2.440741720593792
922,1.0611437827894505
923,-1.3621378968381421
924,1.4771453401180494
925,-2.666629596099277
926,0.41503108121607823
927,-1.9102798301951864
928,-0.7830614292076064
929,-1.634073647744664
930,-0.5198669341293254
931,-0.920877153846348
932,0.5998196637572519
933,-2.3765321296600135
934,-1.5838197422685383
935,0.8345480631104607
936,0.46235673723066384
937,3.188804837133489
938,-1.9808784914894915
939,0.9770541024094541
940,0.8647161941336705
941,-2.0776947463056175
942,-1.6784875750632864
943,-0.18628639812494896
944,2.720535103719776
945,1.5365551023893147
946,-0.533298718545332
947,-3.6743186825151923
948,-2.3103104820924685
949,0.7652377702844788
950,2.649939314581971
951,2.0522575712232367
952,-1.2251575256580907
953,-2.3753904729290625
954,1.2687170510752281
955,0.6155656595502776
956,0.8323248761603139
957,-1.3449560545735224
958,2.5543953079098998
959,-1.4886895999147924
960,2.3822878189487255
961,1.6908838261532821
962,1.7590425626257087
963,2.206260235562617
964,-3.7277119787165844
965,2.088284414454897
966,-1.510614535911472
967,-2.3506786611314823
968,-1.6395948127946198
969,1.9515196647608661
970,-2.052150572262164
971,-1.7799102901427517
972,1.0401626618664608
973,-2.0046604048836087
974,0.9671780847872498
975,-0.7977616829721228
976,-2.982842646872946
977,1.011847847537659
978,-4.3796894426413004
979,2.3831136895127116
980,0.08616522046651198
981,2.1300665116410187
982,-2.3430272106380556
983,2.5442044126844934
984,2.309421060275561
985,0.26865382503194724
986,1.3085435981354507
987,0.5038212859751638
988,1.8602029037614045
989,-2.2510583481212763
990,1.0687010203920835
991,1.4841804328084436
992,-0.3029381953131889
993,1.061027312712966
994,1.827323040984993
995,-2.604531395966461
996,1.6020293981696483
997,0.13121644829756463
998,0.7684245359642219
999,0.026416115802611273
1000,0.3546299834295965
