Age_Median,Sex,Histologic Type ICD-O-3,Histology_Unified,T_Unified,N_Unified,Radiation_Binary,Chemotherapy_Binary,Time from diagnosis to treatment in days recode,COD to site recode,Survival months,Cancer_Death_Event,Overall_Survival_Months,Cancer_Death_Event_Capped,Stage_Group,T_Group,Chemoradiation,Radiation_Alone,Treatment_Arm_Observed,Predicted_OS_With_ChemoRT_Months,Predicted_OS_With_RT_Alone_Months,Predicted_Chemo_Benefit_Months,Predicted_Benefit_Group,Simulated_Arm,Simulated_OS_Months,Simulated_Cancer_Death_Event
87.0,Male,8940,Mixed tumor,T3,N0,1,0,27,Diseases of Heart,10,1,10,1,Stage III,T3/T4,0,1,Radiation alone,43.763081031684216,21.653131714967593,22.109949316716623,Large benefit,Chemoradiation,43.763081031684216,1
17.0,Female,8071,Squamous cell carcinoma,T3,N0,1,1,30,Alive,130,0,120,0,Stage III,T3/T4,1,0,Chemoradiation,72.06672667347752,72.429912225592,-0.3631855521144871,No predicted benefit,Chemoradiation,72.06672667347752,1
72.0,Male,8550,Acinar cell carcinoma,T3,N0,1,0,0,Alive,57,0,57,0,Stage III,T3/T4,0,1,Radiation alone,48.50682859065738,45.965004090594746,2.5418245000626314,Small benefit,Radiation alone,45.965004090594746,1
72.0,Male,8200,Adenoid cystic carcinoma,T3,N3,1,0,103,Alive,7,0,7,0,Stage IV,T3/T4,0,1,Radiation alone,29.09703158980308,32.920642769310206,-3.8236111795071253,No predicted benefit,Radiation alone,32.920642769310206,1
90.0,Male,8246,Neuroendocrine carcinoma,T4A,N2,1,0,27,Salivary Gland,5,1,5,1,Stage IV,T3/T4,0,1,Radiation alone,29.42059187046698,20.496116011408002,8.924475859058976,Moderate benefit,Chemoradiation,29.42059187046698,1
87.0,Male,8430,Mucoepidermoid carcinoma,T3,N3,1,0,37,Alive,14,0,14,0,Stage IV,T3/T4,0,1,Radiation alone,40.079627501611135,17.03814701922273,23.041480482388405,Large benefit,Radiation alone,17.03814701922273,1
37.0,Female,8200,Adenoid cystic carcinoma,T4A,N0,1,1,0,Alive,4,0,4,0,Stage IV,T3/T4,1,0,Chemoradiation,51.97160191952252,62.1134308929346,-10.141828973412082,No predicted benefit,Chemoradiation,51.97160191952252,1
72.0,Male,8200,Adenoid cystic carcinoma,T3,N0,1,0,46,Alive,135,0,120,0,Stage III,T3/T4,0,1,Radiation alone,36.16675726694272,62.15354318230909,-25.986785915366376,No predicted benefit,Chemoradiation,36.16675726694272,1
72.0,Male,8941,Carcinoma ex pleomorphic adenoma,T4A,N1,1,0,78,Alive,13,0,13,0,Stage IV,T3/T4,0,1,Radiation alone,41.39940825403849,35.464932066387156,5.9344761876513346,Small benefit,Radiation alone,35.464932066387156,1
87.0,Female,8070,Squamous cell carcinoma,T3,N0,1,0,31,"Nose, Nasal Cavity and Middle Ear",19,1,19,1,Stage III,T3/T4,0,1,Radiation alone,40.864829143568215,23.60146422688594,17.263364916682274,Large benefit,Radiation alone,23.60146422688594,1
37.0,Female,8200,Adenoid cystic carcinoma,T3,N0,1,0,70,Alive,151,0,120,0,Stage III,T3/T4,0,1,Radiation alone,51.713244453502355,70.38885820415003,-18.67561375064767,No predicted benefit,Radiation alone,70.38885820415003,1
57.0,Male,8070,Squamous cell carcinoma,T4A,N2,1,1,56,Bones and Joints,44,1,44,1,Stage IV,T3/T4,1,0,Chemoradiation,49.003398506428255,48.417870998260376,0.5855275081678784,Small benefit,Radiation alone,48.417870998260376,1
72.0,Male,8070,Squamous cell carcinoma,T3,N2,1,0,27,Alive,124,0,120,0,Stage IV,T3/T4,0,1,Radiation alone,33.75757274062094,41.50778577861991,-7.750213037998975,No predicted benefit,Chemoradiation,33.75757274062094,1
62.0,Male,8140,Adenocarcinoma,T4A,N0,1,0,8,Salivary Gland,2,1,2,1,Stage IV,T3/T4,0,1,Radiation alone,43.477031681807674,48.86399721272933,-5.386965530921657,No predicted benefit,Chemoradiation,43.477031681807674,1
12.0,Male,8070,Squamous cell carcinoma,T3,N0,1,1,0,Alive,46,0,46,0,Stage III,T3/T4,1,0,Chemoradiation,74.67968971618978,66.49834518614048,8.181344530049302,Moderate benefit,Chemoradiation,74.67968971618978,1
82.0,Female,8982,Myoepithelial carcinoma,T3,N0,1,0,0,Salivary Gland,77,1,77,1,Stage III,T3/T4,0,1,Radiation alone,41.08383699717257,44.7856021939411,-3.701765196768534,No predicted benefit,Radiation alone,44.7856021939411,1
67.0,Female,8430,Mucoepidermoid carcinoma,T4A,N0,1,0,0,Alive,39,0,39,0,Stage IV,T3/T4,0,1,Radiation alone,44.45230594611241,48.53631876045586,-4.084012814343453,No predicted benefit,Chemoradiation,44.45230594611241,1
47.0,Male,8200,Adenoid cystic carcinoma,T3,N0,1,0,0,Alive,87,0,87,0,Stage III,T3/T4,0,1,Radiation alone,34.10380130188657,75.9980947032286,-41.89429340134203,No predicted benefit,Radiation alone,75.9980947032286,1
62.0,Female,8941,Carcinoma ex pleomorphic adenoma,T4A,N2,1,0,38,Alive,49,0,49,0,Stage IV,T3/T4,0,1,Radiation alone,42.207943333749284,57.47258250000439,-15.264639166255108,No predicted benefit,Radiation alone,57.47258250000439,1
72.0,Male,8070,Squamous cell carcinoma,T4B,N3,1,1,0,Salivary Gland,5,1,5,1,Stage IV,T3/T4,1,0,Chemoradiation,32.20774741887769,23.564892721756046,8.642854697121642,Moderate benefit,Radiation alone,23.564892721756046,1
72.0,Female,8550,Acinar cell carcinoma,T4A,N3,1,0,33,Miscellaneous Malignant Cancer,26,1,26,1,Stage IV,T3/T4,0,1,Radiation alone,35.73049770162715,25.269613842229322,10.460883859397828,Moderate benefit,Radiation alone,25.269613842229322,1
67.0,Female,8200,Adenoid cystic carcinoma,T3,N0,1,0,0,Alive,104,0,104,0,Stage III,T3/T4,0,1,Radiation alone,35.187515170557624,72.06418407985966,-36.87666890930203,No predicted benefit,Chemoradiation,35.187515170557624,1
57.0,Male,8147,Adenocarcinoma,T3,N2,1,0,73,Alive,30,0,30,0,Stage IV,T3/T4,0,1,Radiation alone,44.41671686074713,34.42202393571491,9.994692925032219,Moderate benefit,Radiation alone,34.42202393571491,1
77.0,Male,8074,Squamous cell carcinoma,T4A,N0,1,0,36,Chronic Liver Disease and Cirrhosis,25,1,25,1,Stage IV,T3/T4,0,1,Radiation alone,45.70257848265251,22.358394431569828,23.344184051082685,Large benefit,Radiation alone,22.358394431569828,1
37.0,Female,8200,Adenoid cystic carcinoma,T3,N0,1,0,179,Alive,154,0,120,0,Stage III,T3/T4,0,1,Radiation alone,51.713244453502355,70.38885820415003,-18.67561375064767,No predicted benefit,Chemoradiation,51.713244453502355,1
52.0,Female,8430,Mucoepidermoid carcinoma,T4B,N0,1,0,0,Alive,110,0,110,0,Stage IV,T3/T4,0,1,Radiation alone,43.19032252490768,75.21116227826127,-32.02083975335359,No predicted benefit,Radiation alone,75.21116227826127,1
90.0,Female,8070,Squamous cell carcinoma,T3,N2,1,1,0,Diseases of Heart,42,1,42,1,Stage IV,T3/T4,1,0,Chemoradiation,34.28604409862691,22.21209379247405,12.07395030615286,Large benefit,Radiation alone,22.21209379247405,1
67.0,Male,8500,Adenocarcinoma,T3,N2,1,1,28,Alive,15,0,15,0,Stage IV,T3/T4,1,0,Chemoradiation,48.04556784857709,40.43307015047266,7.612497698104434,Moderate benefit,Chemoradiation,48.04556784857709,1
47.0,Female,8982,Myoepithelial carcinoma,T3,N0,1,0,2,Alive,151,0,120,0,Stage III,T3/T4,0,1,Radiation alone,41.8981768794279,84.88467384701833,-42.98649696759043,No predicted benefit,Radiation alone,84.88467384701833,1
62.0,Male,8010,Carcinoma NOS,T3,N0,1,0,0,Alive,154,0,120,0,Stage III,T3/T4,0,1,Radiation alone,60.64215917924271,87.67307899584246,-27.03091981659975,No predicted benefit,Radiation alone,87.67307899584246,1
32.0,Male,8010,Carcinoma NOS,T3,N0,1,0,0,Alive,13,0,13,0,Stage III,T3/T4,0,1,Radiation alone,66.76257061901214,62.20376936232722,4.558801256684916,Small benefit,Radiation alone,62.20376936232722,1
57.0,Male,8070,Squamous cell carcinoma,T4A,N0,1,0,14,Other Cause of Death,84,1,84,1,Stage IV,T3/T4,0,1,Radiation alone,59.80560937954787,53.88295263602391,5.922656743523959,Small benefit,Radiation alone,53.88295263602391,1
82.0,Female,8071,Squamous cell carcinoma,T4A,N3,1,0,34,Alive,3,0,3,0,Stage IV,T3/T4,0,1,Radiation alone,33.73582509060794,21.721798572767053,12.014026517840886,Large benefit,Radiation alone,21.721798572767053,1
52.0,Male,8550,Acinar cell carcinoma,T3,N0,1,1,0,Alive,41,0,41,0,Stage III,T3/T4,1,0,Chemoradiation,50.79452747100072,68.82047526971058,-18.025947798709865,No predicted benefit,Radiation alone,68.82047526971058,1
90.0,Male,8000,unspecified neoplasms,T3,N0,1,0,54,Chronic Obstructive Pulmonary Disease and Allied Cond,63,1,63,1,Stage III,T3/T4,0,1,Radiation alone,43.763081031684216,21.48096913571027,22.282111895973944,Large benefit,Radiation alone,21.48096913571027,1
82.0,Male,8010,Carcinoma NOS,T4A,N1,1,0,51,Alive,20,0,20,0,Stage IV,T3/T4,0,1,Radiation alone,32.48016421965664,29.467430943742364,3.012733275914279,Small benefit,Radiation alone,29.467430943742364,1
52.0,Male,8500,Adenocarcinoma,T4A,N2,1,1,33,Alive,10,0,10,0,Stage IV,T3/T4,1,0,Chemoradiation,32.455191740786276,39.155271969577484,-6.700080228791208,No predicted benefit,Radiation alone,39.155271969577484,1
72.0,Male,8147,Adenocarcinoma,T4A,N0,1,0,0,Alive,23,0,23,0,Stage IV,T3/T4,0,1,Radiation alone,41.869298820806755,29.42140797957273,12.447890841234024,Large benefit,Chemoradiation,41.869298820806755,1
87.0,Male,8430,Mucoepidermoid carcinoma,T4A,N0,1,0,33,Accidents and Adverse Effects,46,1,46,1,Stage IV,T3/T4,0,1,Radiation alone,43.358469054302816,27.210824978063297,16.14764407623952,Large benefit,Radiation alone,27.210824978063297,1
42.0,Female,8200,Adenoid cystic carcinoma,T4A,N0,1,0,0,Alive,18,0,18,0,Stage IV,T3/T4,0,1,Radiation alone,48.94603375746143,61.06713430540529,-12.121100547943861,No predicted benefit,Radiation alone,61.06713430540529,1
57.0,Male,8941,Carcinoma ex pleomorphic adenoma,T4A,N3,1,1,37,Alive,142,0,120,0,Stage IV,T3/T4,1,0,Chemoradiation,37.23215883165331,26.66389357275726,10.568265258896048,Moderate benefit,Radiation alone,26.66389357275726,1
87.0,Male,8010,Carcinoma NOS,T4NOS,N1,1,1,165,Pneumonia and Influenza,31,1,31,1,Stage IV,T3/T4,1,0,Chemoradiation,32.556210381780225,20.01936986400132,12.536840517778906,Large benefit,Radiation alone,20.01936986400132,1
82.0,Female,8200,Adenoid cystic carcinoma,T3,N0,1,0,80,Miscellaneous Malignant Cancer,90,1,90,1,Stage III,T3/T4,0,1,Radiation alone,32.47668879036072,52.85547832899845,-20.378789538637733,No predicted benefit,Radiation alone,52.85547832899845,1
57.0,Male,8982,Myoepithelial carcinoma,T4A,N0,1,0,20,Diseases of Heart,114,1,114,1,Stage IV,T3/T4,0,1,Radiation alone,45.26228055324455,58.17648851308373,-12.914207959839182,No predicted benefit,Radiation alone,58.17648851308373,1
57.0,Male,8070,Squamous cell carcinoma,T4A,N2,1,0,69,Alive,101,0,101,0,Stage IV,T3/T4,0,1,Radiation alone,49.003398506428255,48.417870998260376,0.5855275081678784,Small benefit,Chemoradiation,49.003398506428255,1
72.0,Female,8255,adenomas and adenocarcinomas,T3,N0,1,0,472,Alive,118,0,118,0,Stage III,T3/T4,0,1,Radiation alone,43.60815891186434,56.29958165413641,-12.691422742272074,No predicted benefit,Chemoradiation,43.60815891186434,1
77.0,Male,8430,Mucoepidermoid carcinoma,T3,N3,1,1,0,Alive,137,0,120,0,Stage IV,T3/T4,1,0,Chemoradiation,42.00153228343813,28.199245772253747,13.802286511184384,Large benefit,Chemoradiation,42.00153228343813,1
72.0,Male,8074,Squamous cell carcinoma,T3,N2,1,0,0,Salivary Gland,8,1,8,1,Stage IV,T3/T4,0,1,Radiation alone,33.75757274062094,41.50778577861991,-7.750213037998975,No predicted benefit,Radiation alone,41.50778577861991,1
42.0,Female,8200,Adenoid cystic carcinoma,T4A,N0,1,0,0,Salivary Gland,37,1,37,1,Stage IV,T3/T4,0,1,Radiation alone,48.94603375746143,61.06713430540529,-12.121100547943861,No predicted benefit,Chemoradiation,48.94603375746143,1
67.0,Female,8550,Acinar cell carcinoma,T4A,N2,1,0,56,Alive,10,0,10,0,Stage IV,T3/T4,0,1,Radiation alone,37.35736616693577,35.08213801716936,2.2752281497664057,Small benefit,Radiation alone,35.08213801716936,1
67.0,Male,8500,Adenocarcinoma,T3,N0,1,0,22,Alive,18,0,18,0,Stage III,T3/T4,0,1,Radiation alone,54.29034096681401,40.140397553399424,14.149943413414583,Large benefit,Chemoradiation,54.29034096681401,1
77.0,Male,8500,Adenocarcinoma,T4B,N3,1,0,23,Salivary Gland,55,1,55,1,Stage IV,T3/T4,0,1,Radiation alone,28.96482624562637,24.913089642247137,4.051736603379233,Small benefit,Radiation alone,24.913089642247137,1
82.0,Male,8140,Adenocarcinoma,T4A,N2,1,0,75,Miscellaneous Malignant Cancer,7,1,7,1,Stage IV,T3/T4,0,1,Radiation alone,29.369103151606943,22.138051175073294,7.231051976533649,Moderate benefit,Chemoradiation,29.369103151606943,1
82.0,Male,8070,Squamous cell carcinoma,T3,N0,1,0,0,Non-Melanoma Skin,60,1,60,1,Stage III,T3/T4,0,1,Radiation alone,42.20269557138275,33.88420842950644,8.31848714187631,Moderate benefit,Radiation alone,33.88420842950644,1
87.0,Male,8500,Adenocarcinoma,T3,N3,1,0,60,Alive,20,0,20,0,Stage IV,T3/T4,0,1,Radiation alone,30.24437229618175,16.476065637593607,13.768306658588145,Large benefit,Chemoradiation,30.24437229618175,1
72.0,Male,8070,Squamous cell carcinoma,T4A,N0,1,0,32,Alive,15,0,15,0,Stage IV,T3/T4,0,1,Radiation alone,47.285076609212275,23.27879861583765,24.006277993374624,Large benefit,Chemoradiation,47.285076609212275,1
62.0,Male,8070,Squamous cell carcinoma,T3,N3,1,0,12,Miscellaneous Malignant Cancer,4,1,4,1,Stage IV,T3/T4,0,1,Radiation alone,41.21254645560322,22.931871165745324,18.280675289857893,Large benefit,Radiation alone,22.931871165745324,1
67.0,Male,8200,Adenoid cystic carcinoma,T4A,N3,1,0,40,Alive,9,0,9,0,Stage IV,T3/T4,0,1,Radiation alone,26.756446276081434,31.472609390917068,-4.716163114835634,No predicted benefit,Chemoradiation,26.756446276081434,1
37.0,Female,8200,Adenoid cystic carcinoma,T4A,N0,1,1,8,Salivary Gland,25,1,25,1,Stage IV,T3/T4,1,0,Chemoradiation,51.97160191952252,62.1134308929346,-10.141828973412082,No predicted benefit,Radiation alone,62.1134308929346,1
52.0,Male,8071,Squamous cell carcinoma,T4A,N1,1,0,38,Alive,47,0,47,0,Stage IV,T3/T4,0,1,Radiation alone,48.88959173816268,34.412919230909395,14.476672507253284,Large benefit,Radiation alone,34.412919230909395,1
82.0,Female,8560,Adenosquamous carcinoma,T4A,N0,1,1,97,Alive,96,0,96,0,Stage IV,T3/T4,1,0,Chemoradiation,40.276117630913184,33.94225366081062,6.333863970102563,Moderate benefit,Chemoradiation,40.276117630913184,1
77.0,Male,8500,Adenocarcinoma,T3,N0,1,0,0,Alive,7,0,7,0,Stage III,T3/T4,0,1,Radiation alone,48.890982473466195,44.126314824633944,4.764667648832251,Small benefit,Chemoradiation,48.890982473466195,1
47.0,Female,8562,Epithelial-myoepithelial carcinoma,T3,N0,1,0,0,Alive,85,0,85,0,Stage III,T3/T4,0,1,Radiation alone,41.8981768794279,84.88467384701833,-42.98649696759043,No predicted benefit,Radiation alone,84.88467384701833,1
67.0,Female,8070,Squamous cell carcinoma,T3,N3,1,1,41,Alive,113,0,113,0,Stage IV,T3/T4,1,0,Chemoradiation,43.485556048685275,28.794030218680362,14.691525830004913,Large benefit,Radiation alone,28.794030218680362,1
77.0,Male,8010,Carcinoma NOS,T3,N2,1,1,26,Salivary Gland,41,1,41,1,Stage IV,T3/T4,1,0,Chemoradiation,33.78857028179631,39.45721371697915,-5.668643435182837,No predicted benefit,Chemoradiation,33.78857028179631,1
77.0,Female,8200,Adenoid cystic carcinoma,T4B,N1,1,0,0,Miscellaneous Malignant Cancer,19,1,19,1,Stage IV,T3/T4,0,1,Radiation alone,31.699859965807445,48.46005515910731,-16.760195193299868,No predicted benefit,Chemoradiation,31.699859965807445,1
82.0,Male,8500,Adenocarcinoma,T4A,N2,1,1,0,Salivary Gland,10,1,10,1,Stage IV,T3/T4,1,0,Chemoradiation,29.369103151606943,22.138051175073294,7.231051976533649,Moderate benefit,Radiation alone,22.138051175073294,1
62.0,Female,8070,Squamous cell carcinoma,T4A,N0,1,0,61,Alive,30,0,30,0,Stage IV,T3/T4,0,1,Radiation alone,57.41083334582134,59.698548159517415,-2.287714813696077,No predicted benefit,Chemoradiation,57.41083334582134,1
42.0,Female,8502,Adenocarcinoma,T3,N1,1,0,19,Alive,0,0,0,0,Stage III,T3/T4,0,1,Radiation alone,55.54371865505151,56.29240016403043,-0.748681508978926,No predicted benefit,Chemoradiation,55.54371865505151,1
77.0,Female,8941,Carcinoma ex pleomorphic adenoma,T4A,N3,1,0,0,Alive,20,0,20,0,Stage IV,T3/T4,0,1,Radiation alone,39.35862720616978,28.611036687170234,10.747590518999544,Moderate benefit,Chemoradiation,39.35862720616978,1
72.0,Male,8500,Adenocarcinoma,T3,N3,1,0,0,Alive,18,0,18,0,Stage IV,T3/T4,0,1,Radiation alone,29.23461566801141,27.909011964086446,1.3256037039249655,Small benefit,Radiation alone,27.909011964086446,1
62.0,Female,8010,Carcinoma NOS,T3,N2,1,0,40,Alive,127,0,120,0,Stage IV,T3/T4,0,1,Radiation alone,50.26493442340103,61.428373014217,-11.163438590815971,No predicted benefit,Radiation alone,61.428373014217,1
82.0,Male,8500,Adenocarcinoma,T3,N2,1,0,25,State DC not available or state DC available but no COD,67,1,67,1,Stage IV,T3/T4,0,1,Radiation alone,37.79312500338292,32.72392817894272,5.069196824440198,Small benefit,Chemoradiation,37.79312500338292,1
90.0,Male,8070,Squamous cell carcinoma,T4A,N0,1,0,13,Salivary Gland,21,1,21,1,Stage IV,T3/T4,0,1,Radiation alone,41.782606038314945,23.829658046191156,17.95294799212379,Large benefit,Chemoradiation,41.782606038314945,1
82.0,Male,8070,Squamous cell carcinoma,T4A,N2,1,0,36,Other Cause of Death,31,1,31,1,Stage IV,T3/T4,0,1,Radiation alone,28.645245469097237,21.446916181183816,7.19832928791342,Moderate benefit,Chemoradiation,28.645245469097237,1
52.0,Female,8200,Adenoid cystic carcinoma,T4A,N0,1,1,0,Alive,21,0,21,0,Stage IV,T3/T4,1,0,Chemoradiation,28.296897980075727,57.44863179854314,-29.151733818467413,No predicted benefit,Radiation alone,57.44863179854314,1
47.0,Male,8430,Mucoepidermoid carcinoma,T3,N0,1,0,0,Miscellaneous Malignant Cancer,105,1,105,1,Stage III,T3/T4,0,1,Radiation alone,50.131019208469354,79.34602493297383,-29.21500572450448,No predicted benefit,Chemoradiation,50.131019208469354,1
62.0,Male,8010,Carcinoma NOS,T4B,N2,1,1,0,Salivary Gland,12,1,12,1,Stage IV,T3/T4,1,0,Chemoradiation,39.36003045392006,44.759736855722984,-5.3997064018029235,No predicted benefit,Chemoradiation,39.36003045392006,1
62.0,Male,8070,Squamous cell carcinoma,T3,N2,1,0,22,Alive,19,0,19,0,Stage IV,T3/T4,0,1,Radiation alone,63.330169796706244,42.73987089043439,20.590298906271855,Large benefit,Radiation alone,42.73987089043439,1
72.0,Female,8010,Carcinoma NOS,T3,N0,1,0,0,Alive,117,0,117,0,Stage III,T3/T4,0,1,Radiation alone,41.222245002367124,57.282710702111125,-16.060465699744,No predicted benefit,Chemoradiation,41.222245002367124,1
52.0,Male,8941,Carcinoma ex pleomorphic adenoma,T4A,N2,1,1,0,Salivary Gland,60,1,60,1,Stage IV,T3/T4,1,0,Chemoradiation,46.209193336674836,50.684174348434844,-4.474981011760008,No predicted benefit,Radiation alone,50.684174348434844,1
77.0,Male,8430,Mucoepidermoid carcinoma,T4A,N2,1,0,27,Miscellaneous Malignant Cancer,14,1,14,1,Stage IV,T3/T4,0,1,Radiation alone,36.26286677341156,38.941931490825276,-2.6790647174137163,No predicted benefit,Radiation alone,38.941931490825276,1
77.0,Male,8500,Adenocarcinoma,T3,N2,1,1,8,Alive,43,0,43,0,Stage IV,T3/T4,1,0,Chemoradiation,42.025619846892106,34.58319135730454,7.442428489587563,Moderate benefit,Chemoradiation,42.025619846892106,1
67.0,Male,8430,Mucoepidermoid carcinoma,T4A,N0,1,0,63,Alive,52,0,52,0,Stage IV,T3/T4,0,1,Radiation alone,46.74760998254074,45.050165782546365,1.6974441999943721,Small benefit,Chemoradiation,46.74760998254074,1
77.0,Male,8941,Carcinoma ex pleomorphic adenoma,T3,N0,1,1,38,Alive,122,0,120,0,Stage III,T3/T4,1,0,Chemoradiation,50.591119059802274,40.62602238788124,9.965096671921032,Moderate benefit,Radiation alone,40.62602238788124,1
82.0,Male,8071,Squamous cell carcinoma,T4A,N0,1,0,22,Miscellaneous Malignant Cancer,12,1,12,1,Stage IV,T3/T4,0,1,Radiation alone,41.734044323885584,21.575048843333146,20.158995480552438,Large benefit,Chemoradiation,41.734044323885584,1
72.0,Male,8500,Adenocarcinoma,T3,N3,1,1,0,Alive,47,0,47,0,Stage IV,T3/T4,1,0,Chemoradiation,29.23461566801141,27.909011964086446,1.3256037039249655,Small benefit,Radiation alone,27.909011964086446,1
77.0,Male,8070,Squamous cell carcinoma,T4A,N0,1,0,0,Salivary Gland,9,1,9,1,Stage IV,T3/T4,0,1,Radiation alone,45.70257848265251,22.358394431569828,23.344184051082685,Large benefit,Radiation alone,22.358394431569828,1
57.0,Female,8430,Mucoepidermoid carcinoma,T4A,N0,1,0,32,Alive,7,0,7,0,Stage IV,T3/T4,0,1,Radiation alone,44.685004983223614,64.90610724878734,-20.221102265563722,No predicted benefit,Chemoradiation,44.685004983223614,1
82.0,Male,8041,Small cell carcinoma,T3,N1,1,1,66,Alive,2,0,2,0,Stage III,T3/T4,1,0,Chemoradiation,36.03375834931932,44.648098679626784,-8.614340330307463,No predicted benefit,Radiation alone,44.648098679626784,1
82.0,Male,8430,Mucoepidermoid carcinoma,T4A,N3,1,1,64,Alive,51,0,51,0,Stage IV,T3/T4,1,0,Chemoradiation,38.09954794827507,26.816327063214235,11.283220885060832,Moderate benefit,Radiation alone,26.816327063214235,1
87.0,Male,8500,Adenocarcinoma,T4A,N3,1,0,37,Salivary Gland,34,1,34,1,Stage IV,T3/T4,0,1,Radiation alone,26.976789623649257,20.230083700073344,6.746705923575913,Moderate benefit,Radiation alone,20.230083700073344,1
42.0,Male,8200,Adenoid cystic carcinoma,T3,N3,1,0,131,Alive,20,0,20,0,Stage IV,T3/T4,0,1,Radiation alone,41.18968870838625,32.106961002992115,9.082727705394134,Moderate benefit,Radiation alone,32.106961002992115,1
90.0,Male,8070,Squamous cell carcinoma,T4A,N0,1,0,15,Alive,19,0,19,0,Stage IV,T3/T4,0,1,Radiation alone,41.782606038314945,23.829658046191156,17.95294799212379,Large benefit,Chemoradiation,41.782606038314945,1
57.0,Female,8940,Mixed tumor,T3,N0,1,0,21,Alive,129,0,120,0,Stage III,T3/T4,0,1,Radiation alone,45.350716074659,74.78217883912819,-29.431462764469195,No predicted benefit,Chemoradiation,45.350716074659,1
87.0,Male,8941,Carcinoma ex pleomorphic adenoma,T3,N3,1,0,0,Salivary Gland,14,1,14,1,Stage IV,T3/T4,0,1,Radiation alone,38.31771360364456,16.126175705568528,22.191537898076035,Large benefit,Radiation alone,16.126175705568528,1
87.0,Male,8247,Neuroendocrine carcinoma,T3,N0,1,0,32,Chronic Obstructive Pulmonary Disease and Allied Cond,11,1,11,1,Stage III,T3/T4,0,1,Radiation alone,43.763081031684216,21.653131714967593,22.109949316716623,Large benefit,Chemoradiation,43.763081031684216,1
82.0,Male,8041,Small cell carcinoma,T3,N3,1,1,76,Alive,51,0,51,0,Stage IV,T3/T4,1,0,Chemoradiation,35.83804014939615,28.93957176962872,6.898468379767429,Moderate benefit,Radiation alone,28.93957176962872,1
72.0,Female,8500,Adenocarcinoma,T4A,N2,1,1,0,Salivary Gland,32,1,32,1,Stage IV,T3/T4,1,0,Chemoradiation,33.64358185003347,27.299911039086528,6.343670810946943,Moderate benefit,Chemoradiation,33.64358185003347,1
67.0,Male,8500,Adenocarcinoma,T3,N0,1,0,0,Alive,6,0,6,0,Stage III,T3/T4,0,1,Radiation alone,54.29034096681401,40.140397553399424,14.149943413414583,Large benefit,Chemoradiation,54.29034096681401,1
32.0,Male,8200,Adenoid cystic carcinoma,T4A,N0,1,0,21,Alive,105,0,105,0,Stage IV,T3/T4,0,1,Radiation alone,55.595480553870786,64.70395223515676,-9.108471681285977,No predicted benefit,Chemoradiation,55.595480553870786,1
82.0,Male,8070,Squamous cell carcinoma,T3,N2,1,0,0,Salivary Gland,4,1,4,1,Stage IV,T3/T4,0,1,Radiation alone,28.311979188026502,29.498068993077972,-1.1860898050514699,No predicted benefit,Radiation alone,29.498068993077972,1
67.0,Female,8982,Myoepithelial carcinoma,T3,N0,1,0,52,Salivary Gland,3,1,3,1,Stage III,T3/T4,0,1,Radiation alone,48.90058578106962,55.72134430124025,-6.820758520170628,No predicted benefit,Chemoradiation,48.90058578106962,1
42.0,Male,8010,Carcinoma NOS,T3,N0,1,0,0,Salivary Gland,3,1,3,1,Stage III,T3/T4,0,1,Radiation alone,64.27310472887527,60.09035527313868,4.182749455736591,Small benefit,Chemoradiation,64.27310472887527,1
77.0,Male,8070,Squamous cell carcinoma,T4A,N2,1,1,60,Alive,7,0,7,0,Stage IV,T3/T4,1,0,Chemoradiation,31.126853170688104,25.07439901395435,6.052454156733756,Moderate benefit,Chemoradiation,31.126853170688104,1
72.0,Male,8550,Acinar cell carcinoma,T4A,N0,1,0,0,Other Cause of Death,94,1,94,1,Stage IV,T3/T4,0,1,Radiation alone,43.92636964079334,41.406694516819286,2.5196751239740536,Small benefit,Chemoradiation,43.92636964079334,1
27.0,Female,8430,Mucoepidermoid carcinoma,T3,N0,1,0,0,Alive,8,0,8,0,Stage III,T3/T4,0,1,Radiation alone,62.83259441701377,77.87676298675302,-15.044168569739249,No predicted benefit,Chemoradiation,62.83259441701377,1
87.0,Male,8070,Squamous cell carcinoma,T4A,N2,1,0,35,Alive,7,0,7,0,Stage IV,T3/T4,0,1,Radiation alone,28.693807183526598,19.79654839397476,8.897258789551838,Moderate benefit,Chemoradiation,28.693807183526598,1
77.0,Male,8070,Squamous cell carcinoma,T3,N1,1,0,74,Alive,101,0,101,0,Stage III,T3/T4,0,1,Radiation alone,35.055807281442696,50.364779537357826,-15.30897225591513,No predicted benefit,Chemoradiation,35.055807281442696,1
57.0,Female,8070,Squamous cell carcinoma,T4A,N2,1,1,107,Salivary Gland,23,1,23,1,Stage IV,T3/T4,1,0,Chemoradiation,47.48040365268378,53.79502904656112,-6.314625393877336,No predicted benefit,Radiation alone,53.79502904656112,1
52.0,Male,8500,Adenocarcinoma,T3,N1,1,0,35,Alive,6,0,6,0,Stage III,T3/T4,0,1,Radiation alone,41.39332799604485,44.11110556632828,-2.717777570283424,No predicted benefit,Chemoradiation,41.39332799604485,1
67.0,Male,8430,Mucoepidermoid carcinoma,T3,N0,1,0,29,Alive,6,0,6,0,Stage III,T3/T4,0,1,Radiation alone,56.175389376087026,41.14143447346571,15.033954902621318,Large benefit,Chemoradiation,56.175389376087026,1
67.0,Male,8550,Acinar cell carcinoma,T3,N2,1,0,48,Salivary Gland,9,1,9,1,Stage IV,T3/T4,0,1,Radiation alone,48.15151607784943,42.65286680071388,5.498649277135549,Small benefit,Radiation alone,42.65286680071388,1
67.0,Male,8010,Carcinoma NOS,T4A,N0,1,0,56,Salivary Gland,9,1,9,1,Stage IV,T3/T4,0,1,Radiation alone,41.15271388695737,43.06945376694959,-1.916739879992221,No predicted benefit,Chemoradiation,41.15271388695737,1
57.0,Female,8982,Myoepithelial carcinoma,T3,N0,1,0,0,Alive,33,0,33,0,Stage III,T3/T4,0,1,Radiation alone,45.350716074659,74.78217883912819,-29.431462764469195,No predicted benefit,Chemoradiation,45.350716074659,1
72.0,Female,8013,Neuroendocrine carcinoma,T3,N0,1,1,0,Alive,46,0,46,0,Stage III,T3/T4,1,0,Chemoradiation,43.60815891186434,56.29958165413641,-12.691422742272074,No predicted benefit,Chemoradiation,43.60815891186434,1
62.0,Male,8550,Acinar cell carcinoma,T3,N0,1,0,50,Alive,144,0,120,0,Stage III,T3/T4,0,1,Radiation alone,63.11579636906331,75.22112303802557,-12.105326668962256,No predicted benefit,Radiation alone,75.22112303802557,1
87.0,Female,8562,Epithelial-myoepithelial carcinoma,T3,N0,1,1,43,Salivary Gland,14,1,14,1,Stage III,T3/T4,1,0,Chemoradiation,41.122384005719574,31.805458865536963,9.316925140182612,Moderate benefit,Radiation alone,31.805458865536963,1
57.0,Female,8200,Adenoid cystic carcinoma,T4A,N0,1,1,59,Alive,58,0,58,0,Stage IV,T3/T4,1,0,Chemoradiation,28.721020092009507,55.40939530645841,-26.6883752144489,No predicted benefit,Radiation alone,55.40939530645841,1
72.0,Male,8430,Mucoepidermoid carcinoma,T3,N2,1,0,18,Salivary Gland,55,1,55,1,Stage IV,T3/T4,0,1,Radiation alone,42.08231995893629,39.886057928584485,2.1962620303518037,Small benefit,Chemoradiation,42.08231995893629,1
42.0,Female,8941,Carcinoma ex pleomorphic adenoma,T4A,N0,1,0,98,Alive,142,0,120,0,Stage IV,T3/T4,0,1,Radiation alone,59.558728023372396,63.09600278937668,-3.5372747660042876,No predicted benefit,Radiation alone,63.09600278937668,1
62.0,Male,8430,Mucoepidermoid carcinoma,T4A,N3,1,1,62,Alive,38,0,38,0,Stage IV,T3/T4,1,0,Chemoradiation,36.43952807547918,26.480281215068118,9.959246860411064,Moderate benefit,Radiation alone,26.480281215068118,1
72.0,Male,8200,Adenoid cystic carcinoma,T3,N2,1,1,21,Salivary Gland,12,1,12,1,Stage IV,T3/T4,1,0,Chemoradiation,29.432220148175276,44.170946611668384,-14.738726463493109,No predicted benefit,Chemoradiation,29.432220148175276,1
82.0,Male,8140,Adenocarcinoma,T3,N2,1,0,18,State DC not available or state DC available but no COD,29,1,29,1,Stage IV,T3/T4,0,1,Radiation alone,37.79312500338292,32.72392817894272,5.069196824440198,Small benefit,Radiation alone,32.72392817894272,1
82.0,Female,8550,Acinar cell carcinoma,T3,N0,1,0,0,Salivary Gland,57,1,57,1,Stage III,T3/T4,0,1,Radiation alone,41.08383699717257,42.83954888181924,-1.7557118846466722,No predicted benefit,Chemoradiation,41.08383699717257,1
67.0,Male,8140,Adenocarcinoma,T4A,N2,1,1,13,Bones and Joints,29,1,29,1,Stage IV,T3/T4,1,0,Chemoradiation,32.510952349933916,30.812428716640337,1.6985236332935791,Small benefit,Radiation alone,30.812428716640337,1
62.0,Male,8980,complex mixed and stromal neoplasms,T3,N0,1,0,0,Alive,141,0,120,0,Stage III,T3/T4,0,1,Radiation alone,63.31678689936634,88.44184017198353,-25.125053272617187,No predicted benefit,Chemoradiation,63.31678689936634,1
82.0,Male,8010,Carcinoma NOS,T3,N2,1,0,37,State DC not available or state DC available but no COD,70,1,70,1,Stage IV,T3/T4,0,1,Radiation alone,30.54834252840581,36.092960397785056,-5.544617869379245,No predicted benefit,Radiation alone,36.092960397785056,1
72.0,Male,8070,Squamous cell carcinoma,T3,N3,1,1,0,Alive,45,0,45,0,Stage IV,T3/T4,1,0,Chemoradiation,31.649770101976223,29.872234934520957,1.777535167455266,Small benefit,Chemoradiation,31.649770101976223,1
67.0,Male,8500,Adenocarcinoma,T3,N3,1,1,0,Salivary Gland,9,1,9,1,Stage IV,T3/T4,1,0,Chemoradiation,27.56269631955458,26.31649697098284,1.2461993485717393,Small benefit,Radiation alone,26.31649697098284,1
47.0,Female,8550,Acinar cell carcinoma,T3,N2,1,0,0,Alive,137,0,120,0,Stage IV,T3/T4,0,1,Radiation alone,39.568739479207906,72.67685147019219,-33.108111990984284,No predicted benefit,Chemoradiation,39.568739479207906,1
77.0,Female,8500,Adenocarcinoma,T3,N0,1,1,0,Alive,21,0,21,0,Stage III,T3/T4,1,0,Chemoradiation,44.51698647522636,45.25465445250828,-0.7376679772819159,No predicted benefit,Radiation alone,45.25465445250828,1
62.0,Male,8430,Mucoepidermoid carcinoma,T4A,N0,1,0,27,Alive,15,0,15,0,Stage IV,T3/T4,0,1,Radiation alone,50.61736065122929,66.7371518424024,-16.119791191173107,No predicted benefit,Radiation alone,66.7371518424024,1
82.0,Male,8550,Acinar cell carcinoma,T3,N0,1,0,0,Alive,30,0,30,0,Stage III,T3/T4,0,1,Radiation alone,43.7245340231372,37.638499926453186,6.086034096684017,Moderate benefit,Chemoradiation,43.7245340231372,1
82.0,Male,8070,Squamous cell carcinoma,T3,N3,1,0,40,Alive,52,0,52,0,Stage IV,T3/T4,0,1,Radiation alone,30.44326076769935,26.281179870591494,4.162080897107856,Small benefit,Chemoradiation,30.44326076769935,1
72.0,Male,8071,Squamous cell carcinoma,T3,N0,1,1,28,Alive,100,0,100,0,Stage III,T3/T4,1,0,Chemoradiation,49.31302459024418,53.923527809762724,-4.610503219518542,No predicted benefit,Radiation alone,53.923527809762724,1
82.0,Male,8070,Squamous cell carcinoma,T4A,N2,1,0,20,State DC not available or state DC available but no COD,32,1,32,1,Stage IV,T3/T4,0,1,Radiation alone,28.645245469097237,21.446916181183816,7.19832928791342,Moderate benefit,Radiation alone,21.446916181183816,1
57.0,Male,8500,Adenocarcinoma,T4A,N0,1,1,26,Alive,22,0,22,0,Stage IV,T3/T4,1,0,Chemoradiation,38.227128597954675,46.27002636153849,-8.042897763583817,No predicted benefit,Radiation alone,46.27002636153849,1
77.0,Male,8070,Squamous cell carcinoma,T3,N3,1,1,21,Miscellaneous Malignant Cancer,2,1,2,1,Stage IV,T3/T4,1,0,Chemoradiation,31.63720270911979,28.47956714892486,3.1576355601949295,Small benefit,Radiation alone,28.47956714892486,1
17.0,Male,8200,Adenoid cystic carcinoma,T4B,N0,1,0,6,Alive,153,0,120,0,Stage IV,T3/T4,0,1,Radiation alone,56.63495559400876,71.36523732641595,-14.730281732407192,No predicted benefit,Radiation alone,71.36523732641595,1
67.0,Female,8941,Carcinoma ex pleomorphic adenoma,T4A,N3,1,1,16,Alive,41,0,41,0,Stage IV,T3/T4,1,0,Chemoradiation,37.23137063306389,25.05686113237481,12.17450950068908,Large benefit,Radiation alone,25.05686113237481,1
90.0,Male,8140,Adenocarcinoma,T4A,N2,1,0,37,Prostate,36,1,36,1,Stage IV,T3/T4,0,1,Radiation alone,29.397263796517592,20.077187714069865,9.320076082447727,Moderate benefit,Chemoradiation,29.397263796517592,1
77.0,Female,8562,Epithelial-myoepithelial carcinoma,T3,N2,1,0,53,Alive,3,0,3,0,Stage IV,T3/T4,0,1,Radiation alone,43.77210469853131,36.687938489659054,7.084166208872254,Moderate benefit,Radiation alone,36.687938489659054,1
67.0,Female,8430,Mucoepidermoid carcinoma,T4A,N0,1,0,0,Pneumonia and Influenza,84,1,84,1,Stage IV,T3/T4,0,1,Radiation alone,44.45230594611241,48.53631876045586,-4.084012814343453,No predicted benefit,Chemoradiation,44.45230594611241,1
67.0,Male,8010,Carcinoma NOS,T3,N1,1,1,75,Other Digestive Organs,9,1,9,1,Stage III,T3/T4,1,0,Chemoradiation,46.380904179000154,45.09784043595007,1.2830637430500857,Small benefit,Radiation alone,45.09784043595007,1
87.0,Male,8070,Squamous cell carcinoma,T4B,N1,1,0,0,Salivary Gland,3,1,3,1,Stage IV,T3/T4,0,1,Radiation alone,33.55559888918502,17.6849992514367,15.87059963774832,Large benefit,Chemoradiation,33.55559888918502,1
42.0,Male,8200,Adenoid cystic carcinoma,T4B,N0,1,1,136,Alive,31,0,31,0,Stage IV,T3/T4,1,0,Chemoradiation,52.03206952888605,62.32831491332863,-10.296245384442585,No predicted benefit,Chemoradiation,52.03206952888605,1
87.0,Male,8070,Squamous cell carcinoma,T3,N1,1,0,38,Alive,16,0,16,0,Stage III,T3/T4,0,1,Radiation alone,31.60078137171078,15.808981319447037,15.791800052263744,Large benefit,Chemoradiation,31.60078137171078,1
37.0,Male,8200,Adenoid cystic carcinoma,T4A,N0,1,0,0,Miscellaneous Malignant Cancer,100,1,100,1,Stage IV,T3/T4,0,1,Radiation alone,54.17194272341135,61.09441801179059,-6.922475288379239,No predicted benefit,Chemoradiation,54.17194272341135,1
57.0,Female,8140,Adenocarcinoma,T4A,N2,1,0,0,Salivary Gland,75,1,75,1,Stage IV,T3/T4,0,1,Radiation alone,31.407060251401823,41.21003641167127,-9.802976160269445,No predicted benefit,Chemoradiation,31.407060251401823,1
62.0,Female,8200,Adenoid cystic carcinoma,T4B,N0,1,0,50,Alive,33,0,33,0,Stage IV,T3/T4,0,1,Radiation alone,31.751989633924104,63.29029766065875,-31.538308026734647,No predicted benefit,Chemoradiation,31.751989633924104,1
90.0,Male,8070,Squamous cell carcinoma,T3,N0,1,0,57,Non-Melanoma Skin,3,1,3,1,Stage III,T3/T4,0,1,Radiation alone,42.24124257992975,18.119998074226896,24.12124450570285,Large benefit,Chemoradiation,42.24124257992975,1
77.0,Female,8940,Mixed tumor,T3,N0,1,0,0,Stomach,56,1,56,1,Stage III,T3/T4,0,1,Radiation alone,44.37241774826085,44.95303693380128,-0.5806191855404279,No predicted benefit,Radiation alone,44.95303693380128,1
67.0,Male,8070,Squamous cell carcinoma,T3,N0,1,0,15,Alive,12,0,12,0,Stage III,T3/T4,0,1,Radiation alone,60.899175054733945,43.20341854106866,17.695756513665287,Large benefit,Chemoradiation,60.899175054733945,1
90.0,Female,8070,Squamous cell carcinoma,T4A,N1,1,0,15,Diseases of Heart,41,1,41,1,Stage IV,T3/T4,0,1,Radiation alone,36.53870030388821,23.429519884454997,13.109180419433216,Large benefit,Radiation alone,23.429519884454997,1
82.0,Male,8010,Carcinoma NOS,T4A,N2,1,0,0,Salivary Gland,34,1,34,1,Stage IV,T3/T4,0,1,Radiation alone,26.443456959180637,28.6126015165362,-2.169144557355562,No predicted benefit,Chemoradiation,26.443456959180637,1
42.0,Male,8982,Myoepithelial carcinoma,T3,N0,1,0,0,Alive,38,0,38,0,Stage III,T3/T4,0,1,Radiation alone,64.487866343435,60.48197307669949,4.005893266735512,Small benefit,Chemoradiation,64.487866343435,1
22.0,Female,8550,Acinar cell carcinoma,T4A,N0,1,0,13,Alive,109,0,109,0,Stage IV,T3/T4,0,1,Radiation alone,62.40675371687978,69.95016486658874,-7.543411149708959,No predicted benefit,Radiation alone,69.95016486658874,1
67.0,Male,8070,Squamous cell carcinoma,T4B,N2,1,1,Unable to calculate,Non-Hodgkin Lymphoma,54,1,54,1,Stage IV,T3/T4,1,0,Chemoradiation,41.7753742693079,34.459127090878944,7.316247178428959,Moderate benefit,Chemoradiation,41.7753742693079,1
52.0,Male,8550,Acinar cell carcinoma,T3,N0,1,0,0,Alive,92,0,92,0,Stage III,T3/T4,0,1,Radiation alone,50.79452747100072,68.82047526971058,-18.025947798709865,No predicted benefit,Radiation alone,68.82047526971058,1
82.0,Male,8070,Squamous cell carcinoma,T3,N1,1,0,43,Non-Melanoma Skin,63,1,63,1,Stage III,T3/T4,0,1,Radiation alone,31.562234363163775,45.06830087769154,-13.506066514527767,No predicted benefit,Chemoradiation,31.562234363163775,1
52.0,Male,8550,Acinar cell carcinoma,T3,N2,1,0,26,Diseases of Heart,11,1,11,1,Stage IV,T3/T4,0,1,Radiation alone,42.9829347349977,46.920911297885695,-3.9379765628879966,No predicted benefit,Radiation alone,46.920911297885695,1
62.0,Male,8550,Acinar cell carcinoma,T3,N0,1,0,38,Alive,40,0,40,0,Stage III,T3/T4,0,1,Radiation alone,63.11579636906331,75.22112303802557,-12.105326668962256,No predicted benefit,Chemoradiation,63.11579636906331,1
52.0,Male,8140,Adenocarcinoma,T4B,N0,1,1,32,Lung and Bronchus,65,1,65,1,Stage IV,T3/T4,1,0,Chemoradiation,39.54523946391211,54.5635461639169,-15.018306700004786,No predicted benefit,Radiation alone,54.5635461639169,1
62.0,Male,8941,Carcinoma ex pleomorphic adenoma,T3,N0,1,0,0,Miscellaneous Malignant Cancer,15,1,15,1,Stage III,T3/T4,0,1,Radiation alone,64.39873103142425,88.28824994641964,-23.889518914995392,No predicted benefit,Chemoradiation,64.39873103142425,1
77.0,Male,8140,Adenocarcinoma,T4A,N0,1,0,0,Salivary Gland,10,1,10,1,Stage IV,T3/T4,0,1,Radiation alone,41.773013753097494,28.87068516854835,12.902328584549146,Large benefit,Chemoradiation,41.773013753097494,1
57.0,Male,8200,Adenoid cystic carcinoma,T3,N1,1,1,39,Salivary Gland,2,1,2,1,Stage III,T3/T4,1,0,Chemoradiation,32.366938843302606,46.53635993099626,-14.169421087693657,No predicted benefit,Radiation alone,46.53635993099626,1
57.0,Male,8070,Squamous cell carcinoma,T3,N2,1,1,0,Alive,84,0,84,0,Stage IV,T3/T4,1,0,Chemoradiation,67.83526049038649,42.7974106540176,25.037849836368892,Large benefit,Radiation alone,42.7974106540176,1
72.0,Female,8200,Adenoid cystic carcinoma,T3,N0,1,0,0,Alive,48,0,48,0,Stage III,T3/T4,0,1,Radiation alone,32.77439943873497,68.23699548740743,-35.46259604867246,No predicted benefit,Radiation alone,68.23699548740743,1
77.0,Male,8083,Squamous cell carcinoma,T3,N0,1,0,23,Alive,6,0,6,0,Stage III,T3/T4,0,1,Radiation alone,46.79554973108016,40.32168001416932,6.473869716910841,Moderate benefit,Chemoradiation,46.79554973108016,1
77.0,Male,8140,Adenocarcinoma,T4B,N2,1,0,97,Salivary Gland,9,1,9,1,Stage IV,T3/T4,0,1,Radiation alone,38.06288818909175,28.629987260094868,9.432900928996883,Moderate benefit,Radiation alone,28.629987260094868,1
82.0,Male,8070,Squamous cell carcinoma,T3,N0,1,0,0,Diabetes Mellitus,36,1,36,1,Stage III,T3/T4,0,1,Radiation alone,42.20269557138275,33.88420842950644,8.31848714187631,Moderate benefit,Chemoradiation,42.20269557138275,1
77.0,Male,8010,Carcinoma NOS,T4A,N0,1,1,0,Salivary Gland,36,1,36,1,Stage IV,T3/T4,1,0,Chemoradiation,40.775916942659066,44.55580523066233,-3.7798882880032636,No predicted benefit,Chemoradiation,40.775916942659066,1
77.0,Female,8941,Carcinoma ex pleomorphic adenoma,T4A,N0,1,0,25,Breast,29,1,29,1,Stage IV,T3/T4,0,1,Radiation alone,44.575975453192314,43.09852421892153,1.4774512342707808,Small benefit,Radiation alone,43.09852421892153,1
72.0,Female,8200,Adenoid cystic carcinoma,T4NOS,N0,1,0,0,"Symptoms, Signs and Ill-Defined Conditions",110,1,110,1,Stage IV,T3/T4,0,1,Radiation alone,31.041361654140733,56.78300454384068,-25.74164288969995,No predicted benefit,Chemoradiation,31.041361654140733,1
2.5,Male,8071,Squamous cell carcinoma,T4A,N0,1,1,0,Alive,106,0,106,0,Stage IV,T3/T4,1,0,Chemoradiation,69.40997454477582,63.967843104094406,5.442131440681415,Small benefit,Chemoradiation,69.40997454477582,1
82.0,Male,8071,Squamous cell carcinoma,T4A,N0,1,0,28,Miscellaneous Malignant Cancer,8,1,8,1,Stage IV,T3/T4,0,1,Radiation alone,41.734044323885584,21.575048843333146,20.158995480552438,Large benefit,Radiation alone,21.575048843333146,1
72.0,Male,8430,Mucoepidermoid carcinoma,T3,N0,1,0,0,Alive,59,0,59,0,Stage III,T3/T4,0,1,Radiation alone,51.33043424216,50.40590296300586,0.9245312791541451,Small benefit,Radiation alone,50.40590296300586,1
52.0,Male,8500,Adenocarcinoma,T3,N3,1,1,0,Alive,28,0,28,0,Stage IV,T3/T4,1,0,Chemoradiation,25.50049647679035,21.199751400112692,4.300745076677657,Small benefit,Chemoradiation,25.50049647679035,1
67.0,Male,8012,"epithelial neoplasms, NOS",T3,N0,1,0,0,Alive,125,0,120,0,Stage III,T3/T4,0,1,Radiation alone,54.24465364945147,41.75961233842558,12.485041311025888,Large benefit,Chemoradiation,54.24465364945147,1
52.0,Female,8200,Adenoid cystic carcinoma,T3,N0,1,1,0,Alive,10,0,10,0,Stage III,T3/T4,1,0,Chemoradiation,30.86682530359092,71.07546731416913,-40.20864201057821,No predicted benefit,Chemoradiation,30.86682530359092,1
77.0,Male,8246,Neuroendocrine carcinoma,T3,N2,1,0,49,Alive,131,0,120,0,Stage IV,T3/T4,0,1,Radiation alone,38.612653425905656,35.569487716054745,3.0431657098509106,Small benefit,Chemoradiation,38.612653425905656,1
62.0,Female,8200,Adenoid cystic carcinoma,T4A,N0,1,0,0,Miscellaneous Malignant Cancer,68,1,68,1,Stage IV,T3/T4,0,1,Radiation alone,30.564909273303147,59.77866179465955,-29.2137525213564,No predicted benefit,Chemoradiation,30.564909273303147,1
37.0,Male,8140,Adenocarcinoma,T3,N0,1,0,27,Salivary Gland,8,1,8,1,Stage III,T3/T4,0,1,Radiation alone,66.2626635439399,57.447495622445196,8.815167921494698,Moderate benefit,Radiation alone,57.447495622445196,1
67.0,Male,8200,Adenoid cystic carcinoma,T3,N0,1,0,36,Alive,117,0,117,0,Stage III,T3/T4,0,1,Radiation alone,38.880356262260904,57.990932306026096,-19.110576043765192,No predicted benefit,Radiation alone,57.990932306026096,1
62.0,Female,8550,Acinar cell carcinoma,T3,N0,1,0,60,Alive,100,0,100,0,Stage III,T3/T4,0,1,Radiation alone,55.25100717932735,75.68314917197614,-20.432141992648788,No predicted benefit,Chemoradiation,55.25100717932735,1
77.0,Female,8070,Squamous cell carcinoma,T3,N1,1,0,38,Other Cause of Death,78,1,78,1,Stage III,T3/T4,0,1,Radiation alone,39.04623991340143,52.0261537994252,-12.979913886023773,No predicted benefit,Chemoradiation,39.04623991340143,1
77.0,Male,8070,Squamous cell carcinoma,T4A,N1,1,1,60,Miscellaneous Malignant Cancer,36,1,36,1,Stage IV,T3/T4,1,0,Chemoradiation,37.25315878021488,24.908664045860554,12.344494734354328,Large benefit,Radiation alone,24.908664045860554,1
37.0,Male,8430,Mucoepidermoid carcinoma,T3,N0,1,0,0,Alive,36,0,36,0,Stage III,T3/T4,0,1,Radiation alone,66.91503660753125,64.44069605861586,2.474340548915393,Small benefit,Chemoradiation,66.91503660753125,1
62.0,Male,8200,Adenoid cystic carcinoma,T4A,N2,1,1,66,Salivary Gland,16,1,16,1,Stage IV,T3/T4,1,0,Chemoradiation,28.79976050798512,47.70010236840601,-18.900341860420887,No predicted benefit,Chemoradiation,28.79976050798512,1
72.0,Male,8070,Squamous cell carcinoma,T3,N2,1,1,14,Non-Melanoma Skin,8,1,8,1,Stage IV,T3/T4,1,0,Chemoradiation,33.75757274062094,41.50778577861991,-7.750213037998975,No predicted benefit,Radiation alone,41.50778577861991,1
77.0,Female,8140,Adenocarcinoma,T3,N0,1,0,0,Alive,16,0,16,0,Stage III,T3/T4,0,1,Radiation alone,44.51698647522636,45.25465445250828,-0.7376679772819159,No predicted benefit,Radiation alone,45.25465445250828,1
77.0,Female,8010,Carcinoma NOS,T3,N3,1,0,0,Salivary Gland,10,1,10,1,Stage IV,T3/T4,0,1,Radiation alone,39.8897204143266,32.234356996298246,7.655363418028351,Moderate benefit,Radiation alone,32.234356996298246,1
87.0,Male,8071,Squamous cell carcinoma,T3,N0,1,0,64,Salivary Gland,7,1,7,1,Stage III,T3/T4,0,1,Radiation alone,42.24124257992975,18.19228079168795,24.048961788241797,Large benefit,Chemoradiation,42.24124257992975,1
32.0,Female,8010,Carcinoma NOS,T4A,N2,1,1,6,Alive,52,0,52,0,Stage IV,T3/T4,1,0,Chemoradiation,57.966474235780176,67.67041204206608,-9.7039378062859,No predicted benefit,Radiation alone,67.67041204206608,1
62.0,Female,8010,Carcinoma NOS,T4A,N2,1,1,Unable to calculate,Alive,28,0,28,0,Stage IV,T3/T4,1,0,Chemoradiation,36.425878285266705,57.38856153601826,-20.962683250751553,No predicted benefit,Chemoradiation,36.425878285266705,1
87.0,Male,8070,Squamous cell carcinoma,T4A,N1,1,0,0,Non-Melanoma Skin,3,1,3,1,Stage IV,T3/T4,0,1,Radiation alone,34.097348199212846,19.399643632957147,14.697704566255698,Large benefit,Radiation alone,19.399643632957147,1
90.0,Female,8200,Adenoid cystic carcinoma,T4A,N0,1,0,60,"In situ, benign or unknown behavior neoplasm",70,1,70,1,Stage IV,T3/T4,0,1,Radiation alone,31.424942385696042,43.829104210178684,-12.404161824482642,No predicted benefit,Chemoradiation,31.424942385696042,1
67.0,Male,8550,Acinar cell carcinoma,T3,N0,1,1,7,Salivary Gland,64,1,64,1,Stage III,T3/T4,1,0,Chemoradiation,54.084575619148445,35.83833937491475,18.246236244233693,Large benefit,Radiation alone,35.83833937491475,1
67.0,Female,8982,Myoepithelial carcinoma,T4A,N0,1,0,0,Salivary Gland,27,1,27,1,Stage IV,T3/T4,0,1,Radiation alone,41.93653511881297,41.512886878939035,0.4236482398739341,Small benefit,Radiation alone,41.512886878939035,1
57.0,Female,8070,Squamous cell carcinoma,T3,N2,1,1,13,Alive,122,0,120,0,Stage IV,T3/T4,1,0,Chemoradiation,67.811995284993,56.259757010050826,11.552238274942177,Moderate benefit,Chemoradiation,67.811995284993,1
67.0,Male,8500,Adenocarcinoma,T4A,N3,1,1,0,Salivary Gland,31,1,31,1,Stage IV,T3/T4,1,0,Chemoradiation,22.949358645771735,21.58249392293354,1.3668647228381943,Small benefit,Chemoradiation,22.949358645771735,1
72.0,Male,8562,Epithelial-myoepithelial carcinoma,T4A,N2,1,0,0,Alive,30,0,30,0,Stage IV,T3/T4,0,1,Radiation alone,32.93258155965846,36.76567929255091,-3.8330977328924476,No predicted benefit,Radiation alone,36.76567929255091,1
87.0,Male,8070,Squamous cell carcinoma,T4A,N2,1,1,23,Other Cause of Death,7,1,7,1,Stage IV,T3/T4,1,0,Chemoradiation,28.693807183526598,19.79654839397476,8.897258789551838,Moderate benefit,Chemoradiation,28.693807183526598,1
77.0,Female,8430,Mucoepidermoid carcinoma,T3,N0,1,0,0,Salivary Gland,9,1,9,1,Stage III,T3/T4,0,1,Radiation alone,46.93382732503908,45.98151952282319,0.9523078022158913,Small benefit,Radiation alone,45.98151952282319,1
42.0,Male,8550,Acinar cell carcinoma,T3,N0,1,0,0,Alive,133,0,120,0,Stage III,T3/T4,0,1,Radiation alone,64.43376569408434,59.12074351151852,5.313022182565824,Small benefit,Radiation alone,59.12074351151852,1
82.0,Male,8071,Squamous cell carcinoma,T3,N1,1,0,76,Alive,36,0,36,0,Stage III,T3/T4,0,1,Radiation alone,31.562234363163775,45.06830087769154,-13.506066514527767,No predicted benefit,Chemoradiation,31.562234363163775,1
62.0,Male,8070,Squamous cell carcinoma,T3,N2,1,1,27,Alive,125,0,120,0,Stage IV,T3/T4,1,0,Chemoradiation,63.330169796706244,42.73987089043439,20.590298906271855,Large benefit,Radiation alone,42.73987089043439,1
67.0,Female,8430,Mucoepidermoid carcinoma,T4A,N0,1,0,0,Lung and Bronchus,50,1,50,1,Stage IV,T3/T4,0,1,Radiation alone,44.45230594611241,48.53631876045586,-4.084012814343453,No predicted benefit,Chemoradiation,44.45230594611241,1
77.0,Female,8941,Carcinoma ex pleomorphic adenoma,T3,N0,1,0,0,Alive,149,0,120,0,Stage III,T3/T4,0,1,Radiation alone,46.15838783029558,45.28053862216952,0.877849208126058,Small benefit,Chemoradiation,46.15838783029558,1
82.0,Male,8430,Mucoepidermoid carcinoma,T4A,N2,1,0,24,Salivary Gland,39,1,39,1,Stage IV,T3/T4,0,1,Radiation alone,32.83066286416321,30.265674802234706,2.564988061928503,Small benefit,Radiation alone,30.265674802234706,1
47.0,Female,8430,Mucoepidermoid carcinoma,T3,N0,1,0,56,Alive,120,0,120,0,Stage III,T3/T4,0,1,Radiation alone,44.47145466788193,83.17714849961968,-38.70569383173775,No predicted benefit,Radiation alone,83.17714849961968,1
67.0,Female,8200,Adenoid cystic carcinoma,T4A,N0,1,0,35,Diseases of Heart,51,1,51,1,Stage IV,T3/T4,0,1,Radiation alone,29.985213404247517,56.35996702106393,-26.374753616816413,No predicted benefit,Chemoradiation,29.985213404247517,1
62.0,Male,8941,Carcinoma ex pleomorphic adenoma,T4A,N1,1,1,49,Miscellaneous Malignant Cancer,28,1,28,1,Stage IV,T3/T4,1,0,Chemoradiation,49.69367414538143,36.23408478797883,13.4595893574026,Large benefit,Radiation alone,36.23408478797883,1
67.0,Male,8010,Carcinoma NOS,T4A,N2,1,0,36,Salivary Gland,41,1,41,1,Stage IV,T3/T4,0,1,Radiation alone,33.557133707228246,44.21014599209609,-10.653012284867842,No predicted benefit,Chemoradiation,33.557133707228246,1
62.0,Male,8041,Small cell carcinoma,T3,N2,1,1,33,Alive,88,0,88,0,Stage IV,T3/T4,1,0,Chemoradiation,55.87684900334966,45.79185203832968,10.084996965019982,Moderate benefit,Chemoradiation,55.87684900334966,1
67.0,Male,8941,Carcinoma ex pleomorphic adenoma,T3,N0,1,0,0,Alive,29,0,29,0,Stage III,T3/T4,0,1,Radiation alone,56.10533046295271,41.95674209326005,14.14858836969266,Large benefit,Radiation alone,41.95674209326005,1
67.0,Female,8083,Squamous cell carcinoma,T4A,N0,1,0,21,Cerebrovascular Diseases,9,1,9,1,Stage IV,T3/T4,0,1,Radiation alone,52.82743512453558,28.633581634727406,24.193853489808177,Large benefit,Radiation alone,28.633581634727406,1
17.0,Male,8200,Adenoid cystic carcinoma,T4A,N0,1,0,208,Salivary Gland,62,1,62,1,Stage IV,T3/T4,0,1,Radiation alone,55.595480553870786,69.08348532273294,-13.488004768862154,No predicted benefit,Radiation alone,69.08348532273294,1
47.0,Male,8290,Oncocytic carcinoma,T3,N1,1,0,55,Salivary Gland,92,1,92,1,Stage III,T3/T4,0,1,Radiation alone,40.400214195890406,54.807479305294926,-14.40726510940452,No predicted benefit,Chemoradiation,40.400214195890406,1
90.0,Male,8246,Neuroendocrine carcinoma,T3,N2,1,0,31,Other Cause of Death,15,1,15,1,Stage IV,T3/T4,0,1,Radiation alone,34.9538627718375,17.663392897766535,17.290469874070965,Large benefit,Chemoradiation,34.9538627718375,1
77.0,Male,8070,Squamous cell carcinoma,T4A,N3,1,0,109,Salivary Gland,21,1,21,1,Stage IV,T3/T4,0,1,Radiation alone,33.47554543006329,20.353634245653055,13.121911184410237,Large benefit,Chemoradiation,33.47554543006329,1
47.0,Male,8430,Mucoepidermoid carcinoma,T3,N0,1,0,59,Alive,11,0,11,0,Stage III,T3/T4,0,1,Radiation alone,50.131019208469354,79.34602493297383,-29.21500572450448,No predicted benefit,Radiation alone,79.34602493297383,1
52.0,Female,8200,Adenoid cystic carcinoma,T4A,N0,1,0,38,Alive,5,0,5,0,Stage IV,T3/T4,0,1,Radiation alone,28.296897980075727,57.44863179854314,-29.151733818467413,No predicted benefit,Chemoradiation,28.296897980075727,1
22.0,Female,8430,Mucoepidermoid carcinoma,T4A,N1,1,0,20,Alive,150,0,120,0,Stage IV,T3/T4,0,1,Radiation alone,60.386450026075245,65.7412548949698,-5.354804868894554,No predicted benefit,Chemoradiation,60.386450026075245,1
62.0,Male,8010,Carcinoma NOS,T4A,N2,1,1,26,Miscellaneous Malignant Cancer,17,1,17,1,Stage IV,T3/T4,1,0,Chemoradiation,38.018130080035775,49.474609088181666,-11.456479008145891,No predicted benefit,Radiation alone,49.474609088181666,1
77.0,Male,8200,Adenoid cystic carcinoma,T4A,N0,1,0,0,Alive,30,0,30,0,Stage IV,T3/T4,0,1,Radiation alone,32.645790193520035,45.01863866017717,-12.372848466657132,No predicted benefit,Chemoradiation,32.645790193520035,1
57.0,Female,8200,Adenoid cystic carcinoma,T3,N0,1,0,0,Alive,109,0,109,0,Stage III,T3/T4,0,1,Radiation alone,31.030042071191062,70.27929453297163,-39.24925246178057,No predicted benefit,Chemoradiation,31.030042071191062,1
82.0,Male,8941,Carcinoma ex pleomorphic adenoma,T4A,N2,1,0,16,Salivary Gland,15,1,15,1,Stage IV,T3/T4,0,1,Radiation alone,32.436824843690154,26.347800650371227,6.089024193318927,Moderate benefit,Chemoradiation,32.436824843690154,1
82.0,Male,8070,Squamous cell carcinoma,T3,N2,1,0,93,"Symptoms, Signs and Ill-Defined Conditions",75,1,75,1,Stage IV,T3/T4,0,1,Radiation alone,28.311979188026502,29.498068993077972,-1.1860898050514699,No predicted benefit,Radiation alone,29.498068993077972,1
87.0,Male,8070,Squamous cell carcinoma,T4A,N2,1,0,65,Salivary Gland,9,1,9,1,Stage IV,T3/T4,0,1,Radiation alone,28.693807183526598,19.79654839397476,8.897258789551838,Moderate benefit,Radiation alone,19.79654839397476,1
82.0,Female,8550,Acinar cell carcinoma,T3,N1,1,0,36,Other Biliary,16,1,16,1,Stage III,T3/T4,0,1,Radiation alone,40.73453641111359,47.05882813425521,-6.32429172314162,No predicted benefit,Radiation alone,47.05882813425521,1
67.0,Female,8200,Adenoid cystic carcinoma,T3,N1,1,0,0,Tongue,90,1,90,1,Stage III,T3/T4,0,1,Radiation alone,37.25778005746062,67.12177241410372,-29.863992356643095,No predicted benefit,Chemoradiation,37.25778005746062,1
62.0,Male,8941,Carcinoma ex pleomorphic adenoma,T4A,N2,1,1,20,Alive,46,0,46,0,Stage IV,T3/T4,1,0,Chemoradiation,44.48594851512153,49.745299851666545,-5.259351336545016,No predicted benefit,Chemoradiation,44.48594851512153,1
52.0,Male,8941,Carcinoma ex pleomorphic adenoma,T3,N0,1,0,0,Alive,139,0,120,0,Stage III,T3/T4,0,1,Radiation alone,53.03919789656597,78.20307384135641,-25.16387594479044,No predicted benefit,Chemoradiation,53.03919789656597,1
77.0,Female,8500,Adenocarcinoma,T4A,N1,1,0,64,Alive,56,0,56,0,Stage IV,T3/T4,0,1,Radiation alone,38.463910311606845,35.54955840183252,2.914351909774325,Small benefit,Chemoradiation,38.463910311606845,1
37.0,Male,8500,Adenocarcinoma,T4A,N2,1,1,0,Salivary Gland,113,1,113,1,Stage IV,T3/T4,1,0,Chemoradiation,57.52397533216313,43.840341376537936,13.683633955625197,Large benefit,Radiation alone,43.840341376537936,1
87.0,Female,8070,Squamous cell carcinoma,T4A,N0,1,1,28,Salivary Gland,18,1,18,1,Stage IV,T3/T4,1,0,Chemoradiation,42.36280797013526,23.744337234849844,18.618470735285413,Large benefit,Chemoradiation,42.36280797013526,1
72.0,Female,8010,Carcinoma NOS,T4B,N1,1,0,97,Salivary Gland,4,1,4,1,Stage IV,T3/T4,0,1,Radiation alone,37.091486741178365,37.49372540716259,-0.4022386659842283,No predicted benefit,Chemoradiation,37.091486741178365,1
82.0,Male,8070,Squamous cell carcinoma,T3,N2,1,0,0,Salivary Gland,3,1,3,1,Stage IV,T3/T4,0,1,Radiation alone,28.311979188026502,29.498068993077972,-1.1860898050514699,No predicted benefit,Chemoradiation,28.311979188026502,1
67.0,Male,8290,Oncocytic carcinoma,T3,N0,1,0,0,Alive,140,0,120,0,Stage III,T3/T4,0,1,Radiation alone,54.24465364945147,41.75961233842558,12.485041311025888,Large benefit,Radiation alone,41.75961233842558,1
82.0,Male,8070,Squamous cell carcinoma,T3,N2,1,0,40,Miscellaneous Malignant Cancer,9,1,9,1,Stage IV,T3/T4,0,1,Radiation alone,28.311979188026502,29.498068993077972,-1.1860898050514699,No predicted benefit,Radiation alone,29.498068993077972,1
62.0,Female,8430,Mucoepidermoid carcinoma,T3,N0,1,0,44,Alive,123,0,120,0,Stage III,T3/T4,0,1,Radiation alone,56.44966217639906,88.18541541543412,-31.735753239035063,No predicted benefit,Radiation alone,88.18541541543412,1
72.0,Female,8430,Mucoepidermoid carcinoma,T3,N2,1,0,41,Alive,13,0,13,0,Stage IV,T3/T4,0,1,Radiation alone,45.93346253771164,40.16385035877174,5.7696121789399015,Small benefit,Radiation alone,40.16385035877174,1
67.0,Female,8550,Acinar cell carcinoma,T4B,N0,1,0,14,Alive,103,0,103,0,Stage IV,T3/T4,0,1,Radiation alone,40.29799760374737,43.87932166139629,-3.5813240576489207,No predicted benefit,Chemoradiation,40.29799760374737,1
87.0,Female,8140,Adenocarcinoma,T4A,N0,1,0,59,Salivary Gland,18,1,18,1,Stage IV,T3/T4,0,1,Radiation alone,38.49967462976925,30.187111517091207,8.312563112678045,Moderate benefit,Radiation alone,30.187111517091207,1
77.0,Female,8550,Acinar cell carcinoma,T4A,N0,1,0,0,Alive,4,0,4,0,Stage IV,T3/T4,0,1,Radiation alone,42.778706042694246,42.62924928515059,0.1494567575436534,Small benefit,Radiation alone,42.62924928515059,1
77.0,Male,8070,Squamous cell carcinoma,T4A,N0,1,1,49,Other Cause of Death,69,1,69,1,Stage IV,T3/T4,1,0,Chemoradiation,45.70257848265251,22.358394431569828,23.344184051082685,Large benefit,Chemoradiation,45.70257848265251,1
72.0,Male,8070,Squamous cell carcinoma,T4B,N2,1,0,40,Alive,14,0,14,0,Stage IV,T3/T4,0,1,Radiation alone,33.63801673045154,30.969894246049744,2.6681224844017954,Small benefit,Chemoradiation,33.63801673045154,1
77.0,Male,8200,Adenoid cystic carcinoma,T3,N0,1,0,0,Diseases of Heart,79,1,79,1,Stage III,T3/T4,0,1,Radiation alone,36.751940962619095,50.497852747500644,-13.74591178488155,No predicted benefit,Radiation alone,50.497852747500644,1
67.0,Male,8070,Squamous cell carcinoma,T4B,N2,1,1,7,Accidents and Adverse Effects,22,1,22,1,Stage IV,T3/T4,1,0,Chemoradiation,41.7753742693079,34.459127090878944,7.316247178428959,Moderate benefit,Radiation alone,34.459127090878944,1
62.0,Male,8255,adenomas and adenocarcinomas,T4A,N1,1,1,36,Alive,84,0,84,0,Stage IV,T3/T4,1,0,Chemoradiation,48.07667412595495,36.38767501354274,11.688999112412212,Moderate benefit,Radiation alone,36.38767501354274,1
