Iteration,Delta_RMST_Months,Survival_Difference_5y,Survival_Difference_10y
1,-1.0109989907273218,-0.009617692307930303,-0.010598559537294105
2,-1.6392624251606933,-0.015738571511796584,-0.01679879414589386
3,3.7553561467281997,0.03721786004205163,0.03916049055688531
4,-10.570498540170604,-0.10206760842171825,-0.10324761162642526
5,-3.4970551331968585,-0.03312422789644376,-0.03569795229259809
6,0.770239748562143,0.007549018762123105,0.008173018768721174
7,-3.926638458544913,-0.03826913080485694,-0.03968336007332246
8,-13.045179314082015,-0.1295428316197862,-0.12980958043301716
9,-2.0664165081329013,-0.02031548890421464,-0.02123582539240515
10,-11.24301554977268,-0.10835595427837069,-0.11345890385257978
11,-0.20884128778711428,-0.0020443008626604975,-0.0021392565806731545
12,-9.70295648405514,-0.09608470609718345,-0.09673005519305389
13,0.723928307459044,0.0070850691410653255,0.007346053421155907
14,-8.707908814863362,-0.08359393228106576,-0.08730741469594983
15,-5.917000686193305,-0.05766604264704234,-0.06086979165084083
16,-8.316907830998247,-0.08030790258728404,-0.08058597996863759
17,3.8978751596471772,0.03799687281670172,0.04037740004878482
18,-13.41426583095201,-0.13074567324638586,-0.13044406764983812
19,-7.88785376280164,-0.07698132149157,-0.07853938106454039
20,-1.7620921118500423,-0.017117292295298236,-0.017808348106138794
21,-7.811796949633155,-0.07640925793672904,-0.07913171219120946
22,-0.6696662875783161,-0.006499697686206285,-0.006829853226358262
23,-12.79615634829731,-0.12298307957221988,-0.12883455394289783
24,-0.20473774481634838,-0.0019996340200884033,-0.002095534958545975
25,-6.023796423444859,-0.05783653846192338,-0.06101907322495481
26,-7.687398963023955,-0.07545578475820969,-0.07649914148875187
27,-6.597031066180879,-0.06426092096253766,-0.06779612459682288
28,-16.095796249310915,-0.1568020255011639,-0.15696285479055616
29,3.034180644751563,0.0295496065240749,0.03007207689163799
30,-4.778871466737709,-0.04606042162212298,-0.04831339845580834
31,-4.5743299950581005,-0.04485458671020026,-0.04637197540961724
32,-15.628669110699215,-0.1517393677756272,-0.1480032150639855
33,-1.919729969477989,-0.018694273446830056,-0.019563792693083393
34,-9.189410484840073,-0.08962206146690971,-0.09033775223749313
35,-5.587622637427809,-0.05440730283619599,-0.05747069145275552
36,-7.093077342756619,-0.06849097674182736,-0.07132545150840769
37,-11.590622832876528,-0.11270106019208925,-0.10860499514328648
38,1.0643232567316336,0.010462862571646081,0.010985170388783827
39,-1.4374696308911126,-0.014095914534304699,-0.01443561061779619
40,-8.156270796315452,-0.08051134051776765,-0.0809907490996783
41,-5.831980081512772,-0.05714505693897454,-0.05865675351522226
42,-7.106700637260074,-0.06787879089018323,-0.0704525176716096
43,-3.55637819341847,-0.034322576785233094,-0.03625673405904051
44,-3.1296377114887655,-0.03023096752090859,-0.031171902634948956
45,-11.523625759810395,-0.1119455275327158,-0.11384766012174757
46,-5.965576942230948,-0.058586078070470005,-0.06025643802540437
47,-3.150303946062232,-0.030918289627828055,-0.03252622827208829
48,-10.737504118186326,-0.10472017670516903,-0.10732692931142129
49,-10.625082009818513,-0.10253696352573238,-0.10726130383123222
50,-11.620055968118029,-0.1127983185298031,-0.1098276893247544
51,-7.408980792499321,-0.07193884949118412,-0.0746531831063525
52,-8.303558907241746,-0.07999463143731578,-0.0847146806287784
53,-4.475657062712883,-0.04286945152855226,-0.046690969035002416
54,-8.791363926296652,-0.08467610378143176,-0.08663669724200851
55,-12.293904418325107,-0.11979525341938368,-0.1274542233925668
56,-11.074961586276581,-0.10856449432201953,-0.11295315493714242
57,-7.368090274362967,-0.07074876941039887,-0.07463399709065033
58,-12.289385782231804,-0.12102543834870244,-0.12193488686703169
59,1.8239870350264114,0.017452299532945692,0.018184108845545832
60,-4.609363009523478,-0.04436106039635923,-0.048345912433021776
61,0.9794793196589573,0.009634948557303291,0.010179107430077272
62,-6.640105446880004,-0.06551857915667625,-0.06662287760303232
63,-11.045279517502586,-0.10647247797705006,-0.11286274645936434
64,-5.562526730759307,-0.053720537308400984,-0.05746086254820054
65,-6.57148349271927,-0.06288237012993092,-0.06444093505589321
66,-5.569701817515413,-0.05410344161537639,-0.05668179196236811
67,-12.93681068701933,-0.12410846910909568,-0.12375626417341495
68,-8.331311737671653,-0.08123929378765937,-0.07900373401890143
69,1.8001283162442183,0.017476006401416666,0.018101595567747042
70,0.38149349637670127,0.0037154260637802805,0.003968971483739092
71,-1.9449287770011434,-0.018906457686303613,-0.01958604562967864
72,-2.458119222676609,-0.02379832590660469,-0.024346763055638876
73,-5.6452893026321265,-0.054342062355889564,-0.05573177025292214
74,-6.554705886977201,-0.06400496424740143,-0.06711224454611048
75,-8.318927524750354,-0.0816324539168457,-0.08353793617567629
76,-0.07753005111994807,-0.0007490366125298964,-0.0007682397115899575
77,-1.6176744235700533,-0.015678090502010522,-0.015890046082431664
78,-12.36323855492219,-0.12132384197103663,-0.12383126787467325
79,-6.920776560804675,-0.06658633205406095,-0.06998258088472104
80,0.24041992475873786,0.002303251116095306,0.002456575439227171
81,-1.669760128330117,-0.015931037700960604,-0.016702390136150935
82,-1.801986137756975,-0.01769734738608486,-0.019554031421790685
83,-4.18253551890372,-0.04069777052855278,-0.04130437358854694
84,-6.07173234198671,-0.0588010491589952,-0.06238967149115354
85,-13.505368636678638,-0.13231713071143952,-0.13144662885879604
86,-8.134597500310361,-0.07830788454035631,-0.08180971008740429
87,-5.929479548148805,-0.05961830129489287,-0.060517973030188965
88,-3.462086572351268,-0.033672283836701955,-0.036151199028037984
89,-5.88206288836649,-0.0565317295044967,-0.0583939677204362
90,-4.6254827614697245,-0.04414349734389955,-0.04708944242149199
91,0.2210401276374428,0.002119520741539649,0.002329039640683872
92,-5.999604974642042,-0.05783677130713549,-0.059802337431446084
93,2.2585388897161587,0.022168539400856613,0.02315862098628174
94,-4.0413044683486055,-0.03936903514433221,-0.04002994492185569
95,-0.5014632171864821,-0.0048929610683261515,-0.005145490563920996
96,-4.175215237997946,-0.03915095967474369,-0.043271783435576416
97,-1.1238768232793794,-0.011025039851093155,-0.011511601101949598
98,-16.743646503162108,-0.16134211560766687,-0.1691276325107115
99,-12.479231767883974,-0.11937624305121342,-0.12413064622928599
100,-11.137640155223846,-0.10946074865322464,-0.11310032899377465
101,0.21391232569227953,0.0021082766867595026,0.002248361992745751
102,1.257046663802598,0.012109192224597942,0.012717455290287394
103,-1.8605752264590365,-0.018126693859319754,-0.019295444866105793
104,-11.64393322267533,-0.11311688784611779,-0.11286042745982833
105,-10.209599786602789,-0.09950578881740196,-0.1026878799241418
106,-8.116897616373665,-0.07887865142530476,-0.081299608892754
107,-0.559571922688342,-0.005386686176671818,-0.005723873525984635
108,-1.2733999457180036,-0.012390602948508356,-0.012909922877921587
109,-3.8654626692808574,-0.03675504236650029,-0.03864440344338521
110,-5.88729614974263,-0.05654996375734922,-0.05924298262967648
111,-9.623445280959324,-0.09153950713676007,-0.09937655192133138
112,-5.466789503756794,-0.052910414848383436,-0.057656378226102534
113,-9.143168312066928,-0.08938775697069679,-0.09129149221011468
114,-7.119115766127439,-0.06962203698342329,-0.07414155225287689
115,-9.011879629329284,-0.08898465400774452,-0.09126697514179394
116,-9.291551144417394,-0.09097652647720106,-0.09088710148024726
117,-8.738167350085071,-0.08472559646309191,-0.08803015315381502
118,-13.527648655845773,-0.13029158816826258,-0.13496475042064277
119,-5.476465619150388,-0.052734925805610566,-0.05558751731716588
120,-13.423076466752535,-0.12940321930027254,-0.13411113495195792
121,0.2801409421812815,0.0027011812384882816,0.0029202287559006446
122,-7.4955181431397175,-0.07225749955203697,-0.07498751486415373
123,-1.223433685721177,-0.012015907340079846,-0.012170917463345865
124,-12.354225803753595,-0.11807667929111298,-0.12090694548396014
125,-4.157995584017056,-0.04117956764356501,-0.0420844863097673
126,-1.9485685913670907,-0.01856472512961238,-0.01960470761523747
127,-8.64768759485758,-0.0840930870329697,-0.08812998276721712
128,-2.505538805261713,-0.02454061074793923,-0.026009585995303786
129,-6.242627066624472,-0.060513886275330386,-0.06320798638973574
130,-10.846144173436567,-0.10701656248595409,-0.10831903020069883
131,-14.29267805945019,-0.13936768581205317,-0.14164033461349118
132,-0.18948329234681008,-0.001814265511805635,-0.001966237083085298
133,0.521748450857446,0.0050641142857764665,0.005123903355458259
134,-2.321607024356561,-0.022000927895823308,-0.024112655657700932
135,-10.257894196032137,-0.0999001982463259,-0.10071772715726574
136,-11.858046889550776,-0.11412719931454618,-0.11986623991556633
137,2.3095114836783384,0.022520940052812244,0.022918906713839116
138,-7.603507258039814,-0.07402008800014515,-0.07527536355188275
139,1.5392483610727228,0.015031910922643,0.015582243616355407
140,-6.311243964181017,-0.061130996090316525,-0.062191605734534916
141,1.2331013272793505,0.011686252479622738,0.012538917306141206
142,-9.781843948151778,-0.0948789804645615,-0.09869571415893102
143,-6.88894002942499,-0.06663695364014355,-0.0682327774673947
144,-3.6368581607002253,-0.03545973442971434,-0.03539368834592982
145,-4.209551639672132,-0.04034123229878195,-0.04260668113802207
146,-6.605011318205904,-0.06503026339744078,-0.06723978669072028
147,-10.588313927600908,-0.10276769905656735,-0.11006507633948553
148,-6.4660502582630235,-0.06287214959778409,-0.06560177284139496
149,-1.8370837644596087,-0.01762307317452083,-0.018921128307076762
150,-8.24523033125167,-0.08018044122707169,-0.08156081381132674
151,-14.17572171841997,-0.1393106598905285,-0.1363892277423147
152,-6.532389483316073,-0.06349155475476537,-0.06495945749710902
153,-1.5432418033174558,-0.014960189839057336,-0.015735636670578312
154,-2.3421723255683493,-0.022848479663133636,-0.023290575897896904
155,-8.378770525197307,-0.08112744133031113,-0.08578008764631206
156,-6.540445636489295,-0.06404922930811385,-0.06423807990641395
157,0.990381117442065,0.009716500922679172,0.0098042912522322
158,-6.296033173149256,-0.0610056980487661,-0.06650725296480242
159,3.348455465575372,0.032503837374276756,0.033841633554417716
160,-10.571819864358112,-0.10346605843025802,-0.10924964645258778
161,-5.546991677321337,-0.05451343026537747,-0.05450271280761748
162,-4.400518186177743,-0.04273802946139693,-0.0448118963801748
163,4.718224965253423,0.04542220236889083,0.049034624975955066
164,-2.036328852644146,-0.01994908901455028,-0.020080990987530856
165,-1.51698986192325,-0.014597224811935705,-0.015130321687654102
166,-1.9143953633603463,-0.01859314289054781,-0.019882172035816936
167,-7.806576584732552,-0.07612632702441863,-0.07827857576230546
168,-7.480680782421085,-0.07300841114748402,-0.07698026070983588
169,-3.101130809666224,-0.030228093259615507,-0.03060645750092561
170,-3.704446095994824,-0.03638453091877014,-0.03822582820617859
171,1.3924811356290605,0.01362332996747806,0.014212356025617712
172,-9.720419038448378,-0.09488465164079868,-0.09791743695912586
173,-6.025985479295395,-0.058152461014922774,-0.061399862804618344
174,-4.347855701929085,-0.04270940887035046,-0.043140847987331976
175,-5.981323474030573,-0.0577053708152756,-0.059735355001315826
176,-1.8988214424079328,-0.018396517412758162,-0.01894357304095229
177,-1.4415334970285196,-0.014037271135828533,-0.015025783589878272
178,-6.5253043785419536,-0.06354607799107864,-0.06520441458491866
179,-8.616831436229832,-0.0839246515833183,-0.08686608031828702
180,-1.8874758660282474,-0.018213639344933585,-0.019059826458163565
181,-3.0368362273333602,-0.029208787591894603,-0.03123281747567641
182,-4.606922631057185,-0.04422020250415504,-0.046115968773866534
183,-5.947691875773511,-0.05682610561486123,-0.059640649603717066
184,-2.0771934562625383,-0.020110782495912694,-0.021244149164002246
185,-10.93227999440736,-0.1059254065908305,-0.10590804751567995
186,-5.668619521564904,-0.055738582754651045,-0.05883493937138923
187,9.238005367409434,0.08843846438614456,0.09735664318541526
188,2.1542831759170116,0.020622725277979814,0.022282442082898368
189,-3.237648403966854,-0.03144774874139422,-0.03389873509380087
190,-1.9203828267704521,-0.018720239785790294,-0.019446957536132514
191,-4.503170909660195,-0.043523848563935486,-0.04401183232386291
192,-10.98016268060218,-0.10602504863385159,-0.10710543658618282
193,-1.4955992233410855,-0.014623088816075325,-0.01541885906161039
194,-10.709837379970347,-0.10430251968791548,-0.1096929101386595
195,-3.6965613826528867,-0.03546356020287422,-0.037593323848544136
196,-7.051493969379581,-0.0698315375198949,-0.07288812722150279
197,-7.691417738266679,-0.0745320966352288,-0.07642725925378108
198,-10.786051633497808,-0.10567789814395256,-0.10846047425284028
199,-8.129601047953857,-0.07936269017533332,-0.07960388664028073
200,-3.755059279981124,-0.036683047470233654,-0.03829238473805069
201,-2.390582969052277,-0.023738376611597722,-0.024659541903841065
202,-1.5706669237361295,-0.015621417679024918,-0.015622694259458114
203,-5.793878208019138,-0.0566789969690944,-0.057423504614659504
204,-7.766596033922336,-0.07520802758727063,-0.07907058794401667
205,-1.6398375009277952,-0.015833519812725405,-0.01684176676936827
206,-10.407207448625053,-0.1015095010441307,-0.10508273967295045
207,-0.670170463498476,-0.0065254470199418435,-0.0068653533931647415
208,-6.027629770983882,-0.05932651867508887,-0.061934360764282326
209,-10.909408850375463,-0.1053698355703766,-0.1117476979022674
210,-3.2938323765551307,-0.032085484078379856,-0.034187274545330826
211,-2.819356311066054,-0.027603406806630426,-0.028334285956156557
212,-2.3520606526602004,-0.023329079857055346,-0.02332469639969953
213,-6.087194769774757,-0.058784367158568496,-0.06208037478464806
214,-0.12648697486356264,-0.0012209771341454845,-0.0013171232824542023
215,-4.965816799223679,-0.04806331517983009,-0.0504118751600493
216,-14.75827480412812,-0.14533494074927678,-0.14676508440528502
217,-3.4982601487146194,-0.03461025294409298,-0.03520221637762683
218,0.21161992638317342,0.002054536231383186,0.0021765490524000564
219,-7.9068240804606,-0.07687186821464914,-0.07734925727197917
220,-9.856987449914037,-0.09694688507508592,-0.09715775957643702
221,-10.639694319866416,-0.10262341358372723,-0.10366837923513333
222,-3.010664071256324,-0.029451874792535193,-0.03086296501225949
223,-8.959723402122979,-0.08657018983884196,-0.08710267477373151
224,-5.912061220367866,-0.056900109665059984,-0.05903328547225861
225,-2.265240718621923,-0.022227154660393933,-0.0231441230946256
226,0.7440937494561164,0.007121698952942124,0.007467557604151354
227,-8.08540366358938,-0.07852193819664899,-0.07876417803746139
228,-10.859896106416187,-0.10484716444523468,-0.10588231387886377
229,-5.610084968610733,-0.05439122260615148,-0.05719824380865235
230,-3.9913305917793016,-0.03877365696648438,-0.04097714723568141
231,-5.009216548046985,-0.04921048409504569,-0.05184086406164268
232,-0.58862831830668,-0.0055859426778515076,-0.0059439312272199785
233,5.176091896173474,0.050269411910229045,0.055023078005875636
234,-2.057248620954074,-0.020076195683384146,-0.02043169987383553
235,-7.263461145494141,-0.07050154845494694,-0.07327439643171813
236,-6.323334563203171,-0.06099291934749901,-0.06088646212980886
237,-0.27158677585955965,-0.0026454736069138063,-0.0028372324235643176
238,2.613799455546731,0.02537527126557959,0.028263312722660527
239,-8.26234475326156,-0.0787283146143436,-0.08176813147781503
240,-1.7464350971807032,-0.017152816707548646,-0.018119473093519467
241,-0.705031260801017,-0.006889524695637195,-0.007273550934198569
242,-1.5369083682965474,-0.014975688545030175,-0.015559700178193414
243,-9.547650639200508,-0.09222119497710668,-0.0936284363330272
244,0.05520921358171543,0.0005413678891222906,0.0005839278760830235
245,-3.333873177793118,-0.03277230039151091,-0.03389966940040734
246,-5.376484374331636,-0.052580717880576944,-0.055718884371783794
247,-8.47253018979213,-0.08164122483156266,-0.08653536252480187
248,-6.3844284324058584,-0.06185302273601001,-0.06434577625862115
249,0.2415307276452196,0.0023535189429697567,0.0024886719855986006
250,-8.620510725146572,-0.08450380232341659,-0.08750874202445874
251,-5.048863658107587,-0.04885346662083101,-0.04913717504199472
252,-3.650761782536967,-0.035601510517594526,-0.03647122259266716
253,0.9591230895975553,0.00955976956605864,0.010080598432979482
254,-2.568007755122045,-0.025478912106551732,-0.026799841722414564
255,-5.827437249641983,-0.05668085865282524,-0.05900528381316261
256,1.8616548369472077,0.01808837293598531,0.019458067738664375
257,6.171671926067998,0.059985059655196404,0.06386257170777532
258,-9.451240636278005,-0.09213128151501282,-0.09710128573498944
259,-7.797269535804586,-0.07453864990726089,-0.08070328130767374
260,-9.378476634941476,-0.09050022975914307,-0.0957188844837617
261,-7.989805089931577,-0.07728882313124474,-0.07995948011281995
262,-3.7688719255908123,-0.03737244765687908,-0.03778916816395944
263,-14.514889104036197,-0.13951067489992786,-0.14752027919848393
264,-11.849248930425864,-0.11574515136758123,-0.12236450806253418
265,-7.70824093958493,-0.07424702230584079,-0.07567237674113758
266,-8.643720641587958,-0.08441508159675071,-0.08707955677262197
267,-1.7946238873048834,-0.017443432966471994,-0.01799519435468716
268,-4.5360992707424765,-0.04342990044557449,-0.04656395978625344
269,-0.6489654984084339,-0.006396219890824395,-0.006743427886050424
270,-7.1211435134815835,-0.06935060206750299,-0.07255421001534995
271,-7.748151874280057,-0.07452041893020522,-0.07908768353693507
272,-11.753903482463706,-0.11516363293749915,-0.11786524411844729
273,-13.584759280300137,-0.13280821914039592,-0.13218155716897861
274,-8.042643221687085,-0.07841995107253197,-0.08084016943410477
275,0.695361347333613,0.006786189039008517,0.006921061560265951
276,-10.032610592148872,-0.09856127919413249,-0.1022129244473744
277,-9.546430983818368,-0.0945767152301874,-0.09287185006245946
278,-4.6145000917560095,-0.04442831162855887,-0.04752662752265607
279,-5.819355387083297,-0.05595283538484963,-0.060380422805854705
280,-4.834198612787403,-0.047762441014552515,-0.05012508608838612
281,-8.938431512241616,-0.08520376819779685,-0.09008469990989165
282,-9.351020875480595,-0.0895219228004091,-0.09210894522761409
283,-2.389839874198581,-0.02318521047841826,-0.02449197986509133
284,-1.8452211068994473,-0.01809226618043258,-0.01881069939643165
285,-8.011591003186528,-0.07781451053586586,-0.07991652138767924
286,-8.440217967516427,-0.08278655469815394,-0.08437078809897863
287,-4.949501359801394,-0.04747831578225803,-0.049558332033561914
288,-10.48759208312846,-0.10204417382343517,-0.10514836748639972
289,0.741651062846611,0.007178423574756954,0.007497350201917663
290,-2.1633948047861784,-0.0208721053526294,-0.02242292863523382
291,-12.588788127875896,-0.12193888894488936,-0.12927985061367453
292,-5.452084533004845,-0.05141828684010974,-0.05455326655422843
293,-2.5870707034244647,-0.025649949607745692,-0.02622610017950966
294,-9.282655584712138,-0.09107505255851489,-0.09361117453186274
295,-11.37048084625852,-0.11078609068970324,-0.1131748395701001
296,-6.310992503094817,-0.061088009574876256,-0.06365140580468809
297,-6.5951283372946055,-0.06416398376111898,-0.06721720108527357
298,-8.906747851820624,-0.08761579981520068,-0.0878606496329174
299,-4.800021096574035,-0.045550735092744654,-0.0487706465445269
300,-3.925979550067405,-0.038386366319509535,-0.0396249299031447
301,-7.5813494131562775,-0.07282984699980566,-0.07496578316326041
302,-3.9439222676061427,-0.03866952089834119,-0.04103873911166911
303,-2.227459014653476,-0.02125072178524512,-0.02230144984126098
304,-5.559941043513993,-0.05372335558999519,-0.056220260546694545
305,-3.4153758737157793,-0.033343372316305686,-0.03478552125925288
306,-10.763998678272785,-0.10522244905857614,-0.10779518057205922
307,2.7087373199432077,0.026236046579522943,0.028243516372344124
308,-16.207402019813635,-0.15539505738168097,-0.15779172835529687
309,-10.121238659237575,-0.10011517033082418,-0.1004564612402078
310,0.5399619746304507,0.0051843134276500225,0.005582814932078017
311,0.9485135064012445,0.009065411803804713,0.009668190558119016
312,-2.864372842475697,-0.02743505210074082,-0.0297859666174754
313,-8.800408115788226,-0.08599423998713451,-0.08821113409671877
314,-1.2131267455579406,-0.011762636762255418,-0.01244532731200515
315,-4.145083552089035,-0.04055905170562568,-0.04329275083376899
316,-6.805950375425174,-0.06558425337839069,-0.07065917162735008
317,-1.3695523094983315,-0.013191105596336627,-0.013580418691777507
318,-3.9929386051719336,-0.03872644237301459,-0.04158086048994619
319,6.391610936265869,0.06181985611015672,0.06895192107728665
320,-3.7124202614924124,-0.036080877917499365,-0.03724145288103331
321,-6.489859436264957,-0.06330019549892024,-0.06456315224459375
322,-7.754771255247796,-0.07537066260269504,-0.07516358533024053
323,-5.736492918225383,-0.05637864139464499,-0.057850012982504084
324,-0.6905643185769959,-0.006715383367067673,-0.007047093973417462
325,0.9564434258331153,0.009264475096183666,0.009808928660111071
326,-8.559542970349321,-0.08261318129150674,-0.08566549865997986
327,-2.4245491243597495,-0.023803746363523004,-0.02436316801124766
328,-6.557259785042472,-0.06343474104183544,-0.06637693696635594
329,-7.957854446009562,-0.0763776254406181,-0.07990489477985491
330,-4.970186152706404,-0.04885709712255021,-0.0497532832005223
331,-0.47229136408508543,-0.0047119903138161945,-0.004942921948475731
332,-6.491935353911185,-0.06370279509553733,-0.06607516900276772
333,-6.4038629960765885,-0.06176185620570357,-0.06320250867918908
334,-4.357647633174643,-0.04257187329620182,-0.0431717201417694
335,-11.280489992204839,-0.10999211787529795,-0.11060361887930964
336,2.8191454026502623,0.027088073057669804,0.028797068461562103
337,-2.351107028330835,-0.022963808695761978,-0.024274559101884863
338,-4.446897028933216,-0.04317131359397597,-0.04491299539922439
339,-7.611188821312058,-0.07298504555803381,-0.0746985273605219
340,-0.24519339596188391,-0.002414471756616021,-0.002515073306963489
341,-5.558604633537798,-0.054332811622787025,-0.056091533708926444
342,-7.143558697715789,-0.06985043259492718,-0.07034631773113681
343,-3.6594531542862985,-0.035616163508823406,-0.03634024699697608
344,-0.540333301895131,-0.005274161021912249,-0.005475994365754078
345,-6.977874723231328,-0.06725279354462038,-0.06825322416194074
346,-1.466335208957969,-0.014015692459413587,-0.015241194413497805
347,-6.045733774910525,-0.057364833076814725,-0.06246962004165646
348,-5.370408966745878,-0.05259199384029822,-0.05316622828133927
349,-4.457525459950213,-0.04258929867806138,-0.044008160114206385
350,-11.282243460155485,-0.11087566307361552,-0.1119783418210441
351,-10.894194084639066,-0.10677381131038605,-0.1037265490108506
352,-3.9673454121959733,-0.038438986841585976,-0.04055493266917193
353,-9.362642654552582,-0.09047616886207888,-0.09376023447182763
354,-9.142299776631363,-0.08806326900632577,-0.09237194808848437
355,-5.558225693642264,-0.05488439180373095,-0.05780971208014901
356,-3.232478141053605,-0.030882504065758765,-0.032354770048355685
357,0.5497617609396364,0.005321582627523136,0.005687144027860747
358,-6.249464151094495,-0.06042802134086822,-0.06194172474168208
359,-9.692082984065765,-0.09363318132199422,-0.09448893637720235
360,-2.159204495802515,-0.021273273334893705,-0.021855153038290887
361,0.5407715211797964,0.005255432380845804,0.005597069515724973
362,0.8242382964817541,0.008053527150543416,0.008226060328874185
363,-11.009265088606234,-0.10611617887676689,-0.10925274488959985
364,-6.285916063867475,-0.062132500251771305,-0.06508436992114391
365,-5.263976249742677,-0.051387179224047896,-0.05378008470371459
366,5.53928614962863,0.05399971164559869,0.05796477640844583
367,-3.3870550644293487,-0.032921297892815615,-0.0339020274841898
368,-3.710829404393334,-0.036792693677128674,-0.037402397615838745
369,0.3030536157875924,0.0029508149026962194,0.0031087498516721435
370,-0.628197880300351,-0.006203755427213964,-0.006472716807845724
371,2.2513823916923994,0.021653933251791102,0.02291076211895926
372,-4.089297252482345,-0.03982550614980562,-0.042964580899214455
373,0.47956813736289283,0.004736987747655186,0.0050072429007350094
374,-11.114303046369296,-0.1071933740270552,-0.10839619969688441
375,-0.4898575713926928,-0.004790153090600047,-0.005125459528489418
376,-9.434096186224616,-0.09184074600537728,-0.0950695899708599
377,-3.1530265330060776,-0.030575868182570298,-0.031960988040858784
378,-8.23276030479393,-0.07994568376073352,-0.0857535136614605
379,-8.3135182832667,-0.08033676494743375,-0.08146526114061065
380,-4.6718150681891,-0.04540512589360768,-0.04641465314208437
381,-7.5715929610134465,-0.07346858303527704,-0.07467629069520387
382,-9.359108806365644,-0.09113959363506208,-0.0899527043899841
383,-11.50033704738307,-0.11394884257490806,-0.11522011279284616
384,-1.610854785765427,-0.015605589512299956,-0.01673365388706749
385,2.776279116060397,0.026920742602471126,0.029246693819691638
386,-3.072472606086752,-0.029194947381628422,-0.03163602804618304
387,5.548253524258588,0.05348927663626302,0.0587175916656833
388,-1.4397412574325597,-0.014226435372853397,-0.01484961993706757
389,-5.812010885180775,-0.056257196569514556,-0.05940344380510648
390,-6.849406961040476,-0.06646939093825122,-0.06834605593134269
391,-2.435173756981031,-0.023251799525863426,-0.024514578423678823
392,0.9283937153573635,0.008902746385363813,0.009687881277824384
393,-4.416329638455498,-0.042974603854785465,-0.04589933544376812
394,-7.533089656730015,-0.07277503988118073,-0.07518358418547966
395,-3.9753889575443657,-0.038541775715123405,-0.04051201388127984
396,-7.70664753735868,-0.07435573758495118,-0.07690440068883453
397,-0.4059865377317722,-0.004004072609272269,-0.004273929688320077
398,-4.14806115634536,-0.041074284809713646,-0.044089391749850215
399,5.067468950001478,0.049149954150424224,0.051650841117563795
400,-12.070756188564578,-0.1171554454891286,-0.11752535721515484
401,-4.651088885339387,-0.04470491535177967,-0.04902930530698546
402,-3.132106636531428,-0.03022573575538212,-0.03253396542013598
403,-5.572026395633825,-0.053756519400668945,-0.057510598088479525
404,-7.731993140972293,-0.07587569011809231,-0.07900738214314562
405,-7.774341327100568,-0.07487108610054521,-0.07700523787000951
406,-10.09382741506974,-0.09609018728559338,-0.10436400693411424
407,-1.6248417476272017,-0.015929567998883454,-0.01698987765693427
408,-6.505207040049693,-0.06371183437468919,-0.06503010875927673
409,-3.2355547646865777,-0.03183615123404271,-0.03264863168855042
410,1.3297186971141775,0.013049477899962358,0.013853280447174043
411,-8.351522415763718,-0.08104613483063505,-0.0831914232183309
412,-7.305189559621654,-0.072078130728705,-0.07349394220785638
413,-5.0842748284148795,-0.04942136344803505,-0.051258315841206825
414,-4.539088508168136,-0.04413231647783333,-0.04662399087062635
415,-3.7673537487641444,-0.0366462125469601,-0.03820153817086824
416,-13.49582694184103,-0.12958504125450437,-0.1352651848639071
417,-9.993222181015001,-0.09731597345272353,-0.0959569581188941
418,-7.191976972966323,-0.07071538198683425,-0.07201676682604452
419,-2.533745350410547,-0.024867963083449185,-0.025949082135636792
420,-10.135863480606503,-0.09756834213874466,-0.10365385983309366
421,-11.928508838978306,-0.11617348237712666,-0.11816592231324813
422,-5.239345669126104,-0.05026201775605743,-0.05264179008392439
423,-5.827148739501494,-0.05718233549381513,-0.059392929573138964
424,-4.567672123247916,-0.04364506655990796,-0.04506859990500167
425,-7.15285237514569,-0.06911678538905086,-0.0719616676122728
426,-2.6433209589306452,-0.026147664659393666,-0.027245904551651545
427,-7.575436625952188,-0.07422736705851646,-0.07644938437482607
428,-1.0416319192911359,-0.01030176806475025,-0.010623537777595948
429,-2.5889434196865637,-0.025073137748201413,-0.026577251103943378
430,-4.523559409920916,-0.04400763925870399,-0.0468561660015161
431,-1.9733850449633181,-0.019226301869648688,-0.020108226849813726
432,1.2012425840371068,0.011617216872014446,0.012161948877782658
433,-2.95443750806949,-0.029012190060919263,-0.029704071353022887
434,-8.969526002642475,-0.08600809609807597,-0.08861248642685571
435,-10.536595401303233,-0.10227088859438505,-0.1059682123910412
436,-7.4650723911436465,-0.07242117485021621,-0.07078155766116234
437,-5.194652395072912,-0.0499934911739357,-0.05196343802048059
438,1.0898339999255129,0.010513081706954863,0.010767840725925903
439,-15.047627014643714,-0.14376865668002825,-0.1442022578308475
440,-9.32274900377548,-0.09110430346816861,-0.09554397618201455
441,-6.526279872381249,-0.0632799572058963,-0.0638924657377164
442,-6.206540808554127,-0.061446355822825593,-0.06224009123452928
443,-0.5578914906409199,-0.005499634146028165,-0.0057431787258592215
444,-8.48420208986268,-0.0825690391538294,-0.08496317987910096
445,-5.483305048206733,-0.05308840485500299,-0.05612991083667551
446,-8.079316009867876,-0.07698193571520917,-0.0815857054780843
447,-10.807149671587517,-0.10491370614349022,-0.10719289627776091
448,-4.658973691777028,-0.04539583180129125,-0.04782532098642589
449,2.351206152072587,0.02270441946680668,0.02476355421180576
450,-7.03137253837731,-0.06834193133605937,-0.07114446740656338
451,-5.498387689204999,-0.05390389432822634,-0.05503252042307738
452,-5.256799225941369,-0.05151496978640557,-0.05277199984125197
453,-5.317617868173127,-0.05189682147198782,-0.05409008357773648
454,-7.323374811945958,-0.07201949084476483,-0.07282866807074884
455,-2.2974857922877576,-0.022748331423548485,-0.02345816851059579
456,0.6884592547910314,0.006723969482826497,0.007041501186546728
457,1.7190782504722328,0.016668146000919037,0.018188567177210957
458,1.3306095830874134,0.012747569835577899,0.013982941786484293
459,-7.45308675041418,-0.0730230541992255,-0.0749762497116242
460,-9.433210274240299,-0.09183293470241327,-0.0942275578166557
461,2.5340791481898957,0.024382841546876977,0.025692693426636604
462,-13.355894459058609,-0.12925225718777217,-0.1364035453032864
463,-7.446859701430659,-0.0730193225317125,-0.07685596904378428
464,1.9535674855959504,0.019113022692153203,0.020194583882388983
465,-3.3841550349434995,-0.0331028014255037,-0.03422786519439042
466,-3.5952740351040484,-0.03464141428608514,-0.03799867771770138
467,-1.9075154125844556,-0.018811226279573323,-0.019717516337731444
468,-6.5451025767313595,-0.0630075886121596,-0.06809183340391428
469,0.918651757121554,0.008685788493982494,0.009516087024875886
470,-7.77562651621422,-0.07640083425936361,-0.07893649991419316
471,-14.202049031729606,-0.13764003866855495,-0.13684969364384436
472,-3.536235609889521,-0.03430196652606021,-0.03550762043366684
473,-3.1273704321044655,-0.030977992912317454,-0.031358146065904036
474,-4.8629716107341086,-0.04819015880475552,-0.050050422858822885
475,-9.014368331492388,-0.0867490652467558,-0.08924135575000047
476,-6.3830231216861595,-0.06170838315054561,-0.062170297924375006
477,-0.9761804291992954,-0.009540405445829903,-0.009975555475680797
478,-8.812433807011805,-0.08579797581085352,-0.08894390011899811
479,-7.670004207602041,-0.07434002550953955,-0.07702526592223197
480,-6.849941553778892,-0.065587646899539,-0.07006922878756999
481,-12.930158461914633,-0.12412985317396014,-0.12710507531972332
482,-4.589344996996717,-0.04430272795921264,-0.047706118385140384
483,0.7258916124910925,0.007079452508962136,0.007449407058873314
484,-10.030660383767929,-0.09734343935560597,-0.09738744190241627
485,-8.891850454605207,-0.08521201866355865,-0.08869360570740797
486,0.28779143032252064,0.0028498093548777748,0.002986096731730281
487,-8.617045193722863,-0.08401940960212356,-0.0861213684025175
488,-3.98584744785487,-0.03876403841758125,-0.039994146798069785
489,-2.922178354996957,-0.028630167835263176,-0.029206875809360877
490,-11.562889598829923,-0.11260112511963838,-0.11837924152223855
491,-4.666010491633717,-0.0451675812793676,-0.0482816341169543
492,-0.41857469879657505,-0.004006668179519557,-0.0043081669941114065
493,-3.9137719037895806,-0.03782011912288519,-0.0382442381066766
494,-5.169827845787118,-0.05017731368248535,-0.05362759897863556
495,-7.785712084991468,-0.07522703259487545,-0.07698559862661464
496,-3.8193117713358697,-0.03793676134113122,-0.03925577812737502
497,0.13633735303909464,0.00135963097162084,0.0013919006576252335
498,4.28678683269651,0.04116348561964411,0.04419101721612029
499,-8.674375938493695,-0.0844260724577025,-0.08918195031946669
500,-0.44412850630327,-0.004329181329498666,-0.004482738366022698
501,-6.988698391806878,-0.0673301360112154,-0.07184182446618365
502,-5.5312843519536505,-0.054772401523877745,-0.056855471416847936
503,-6.477755923129576,-0.06259694139042471,-0.06451591094579773
504,-12.282754108853227,-0.11960226999018375,-0.12139070687938641
505,-5.238603357855126,-0.05089521858866708,-0.05391922705451213
506,-10.713264915998009,-0.10405274125082659,-0.10371191795024681
507,-2.4941967287109836,-0.024391156335751396,-0.026291912175709253
508,-8.474747519267057,-0.08195705988347102,-0.08558321367959432
509,-4.821584988568386,-0.04701520732079134,-0.04749586797606131
510,1.6169079631796055,0.01574413654141482,0.01711625258525673
511,-6.782893124384283,-0.06671983911339607,-0.06973762227239999
512,-9.967477610452303,-0.09640340890734683,-0.10053610532617807
513,-1.5159339906991944,-0.014857608023863045,-0.01558588810345668
514,-6.796792069079872,-0.0661357175624584,-0.06804121420493836
515,-8.530931597399379,-0.08271686951533741,-0.08614736791750327
516,-3.7110078170115877,-0.03591230409163371,-0.03876666605380602
517,5.251596541459911,0.050743144467672585,0.056358531048388005
518,-2.634809139171803,-0.0256097341031023,-0.027555072256851054
519,-9.660764409794487,-0.09378457204362495,-0.0942604540774839
520,-8.084653622780122,-0.07784925080468408,-0.08134488585577537
521,-8.469693249703298,-0.08212036083865815,-0.08508324144939705
522,-2.5293175877302194,-0.024422111082436415,-0.025867014915272546
523,-1.3600348966392937,-0.013216451709292198,-0.014066509701069763
524,-8.259126194346482,-0.07897049403010625,-0.08336032773600022
525,-3.1404869972203753,-0.030733828886956527,-0.03128410728771858
526,-10.11164537193146,-0.0968579514218939,-0.10227283178282842
527,-6.566756500402055,-0.06351013589570653,-0.06803921359574222
528,0.6435502354911883,0.006221179598458915,0.006477397073098301
529,-4.536530463928885,-0.04459512420152745,-0.04589329607192505
530,-4.707748191552392,-0.046101172303899096,-0.04791974295289475
531,-8.219537112516099,-0.08030247821053593,-0.08489659713357023
532,-1.356990047261494,-0.013138460833003407,-0.013739911486722156
533,-2.4382921030235485,-0.023498468257506233,-0.025043348604467885
534,-5.6794083651237885,-0.05504476099262101,-0.05806887497747587
535,-9.341345255113092,-0.08925912376442935,-0.0947639699054213
536,-11.965097452454266,-0.11476017692354457,-0.12338547159054936
537,-8.347135855949155,-0.08187529224943219,-0.08175181517051744
538,-12.67939424687183,-0.12221164437833032,-0.12998036375271355
539,-2.785288216344741,-0.0269804204562466,-0.028144940985536493
540,-3.366478275476605,-0.033007998483426504,-0.03473737667075033
541,-4.969255792540276,-0.0482138030103616,-0.050234577208178866
542,-6.491674560260221,-0.06282183950993381,-0.06603430156981177
543,-1.0709257418743174,-0.010504871489825263,-0.01082919292852852
544,0.7101984352897255,0.006946617257906795,0.007169339709263423
545,-1.559202048381473,-0.015260007476346038,-0.016103604256940685
546,-0.9745668051976358,-0.009485477970549772,-0.009664663325910261
547,1.966754962973113,0.019156545859804752,0.020756966477307404
548,-1.0562928806057235,-0.010380816210566302,-0.010929131039350115
549,-2.367958778953229,-0.022945795316744455,-0.022746302870429225
550,-2.634490465386153,-0.02549499341375494,-0.02753571027090601
551,-7.646296550730185,-0.07530550597565033,-0.07772178154949133
552,-3.3993659253121176,-0.03236815343442889,-0.03397622885327811
553,-8.716251889030854,-0.08487923142441395,-0.08650972688538727
554,-9.315108606324538,-0.09065165105907125,-0.09365127559525299
555,-3.3323318019183694,-0.03257277589198604,-0.033672176327564085
556,-5.543544685410586,-0.054130013759865314,-0.05531051896119937
557,0.06760765733117545,0.0006635445688719654,0.0006881429712949361
558,-10.471712609307371,-0.10294122943094575,-0.10919998811866044
559,-4.429652149493736,-0.04342931861516186,-0.04448142619978551
560,-12.505223259099271,-0.12124573878768852,-0.12481821135558668
561,-3.2844890650381027,-0.031476592828083017,-0.03358912570829997
562,-2.425656549770955,-0.023676770426190652,-0.024653371755952835
563,-6.141864797414145,-0.05998029727061421,-0.061235076614375106
564,-5.523262330943883,-0.05418832982528299,-0.055537346274869004
565,-2.220435823762649,-0.021361661757267836,-0.022394087471136526
566,-3.169055558042141,-0.03073048412652557,-0.03287211729323464
567,-1.8111715864761746,-0.017642863150132637,-0.018285102370795225
568,6.980703377321779,0.0678297834038013,0.07107334914989244
569,-3.238105688386811,-0.03210805408955708,-0.032655116540326046
570,2.774856360117828,0.02694418975373547,0.02757722021066561
571,-10.57306394710845,-0.10306166986475929,-0.1089630749673412
572,-11.564965472407923,-0.1122923283743758,-0.11567093111711274
573,-9.690458952772426,-0.09534211478280674,-0.09874337132634353
574,-8.732308412643201,-0.08446260395894084,-0.08628002685983993
575,-3.961743820394653,-0.03814890350902278,-0.04129218910399601
576,-3.4901868082343803,-0.034313862697634034,-0.035686600933388046
577,-1.0429357517149214,-0.010180173640771173,-0.01057645912044336
578,-9.265789602182432,-0.08863933868956253,-0.09320286580198928
579,-3.474220328309269,-0.034185012206629506,-0.0359070024857544
580,1.787379175322416,0.01720065772474688,0.018331097378947503
581,-1.461123154972174,-0.014127552735679783,-0.014908417658733797
582,-1.7952751540464524,-0.017338375964002783,-0.018772042419558765
583,-0.15627790087813126,-0.001497225668293245,-0.0016132582187998734
584,0.693264124296901,0.006841828156852303,0.0072148506221494935
585,0.560098070561584,0.005405108193200281,0.005699283025301538
586,-7.560537723282384,-0.07364772845139145,-0.07773748599233754
587,2.4822761446271207,0.024504252354260014,0.02565489660513759
588,-4.6517218919687355,-0.04582137781577167,-0.046871156857525687
589,-13.319867141144153,-0.12788573185591257,-0.13593518564232038
590,-4.928602510216783,-0.048264732838220636,-0.05016075313917445
591,-7.3554179149827,-0.07044105619789953,-0.0715435971355502
592,-8.304873523023426,-0.08082463002188417,-0.08149717724353889
593,-4.869872679084097,-0.04733542224993825,-0.050619692925421234
594,-6.61849429722695,-0.06412370104086385,-0.06732292722778571
595,-4.227750138040856,-0.041734002828566985,-0.04277281428643298
596,1.5764596759993965,0.015215860719351104,0.016307407512135497
597,-5.038372548161372,-0.04890591716759707,-0.05175617152684603
598,-4.269949429896966,-0.04162348857413778,-0.04453919815247659
599,-0.4167214812365693,-0.0040164923227846705,-0.004183860750181734
600,-3.000518438233479,-0.029040449704976434,-0.029597757711843975
601,-5.395864274699681,-0.05292967924819425,-0.052971908439811866
602,-2.561537553271534,-0.024724069538294535,-0.025740228519210318
603,-5.414260837876913,-0.05118167453624434,-0.05545916980886201
604,-1.666954950321305,-0.01618362632758552,-0.017104664583860563
605,-3.7649769814800527,-0.03619718367744895,-0.038794959886739366
606,-18.127326916544735,-0.1741327820520427,-0.18095086438488572
607,-4.937202253972894,-0.047364359387279786,-0.050755385077062065
608,-3.4227915246262657,-0.033078659151321466,-0.034152119294350636
609,-9.048425398919985,-0.08756720714612198,-0.09487797518656321
610,-4.36015053826073,-0.04249638035899839,-0.045151409627719075
611,0.9398060764662125,0.008994959159487226,0.009810873149814714
612,-4.398865529479446,-0.04273138289321987,-0.044443942257120894
613,-7.8260802299694525,-0.07673297874093565,-0.07804714643594135
614,-5.530944005088384,-0.05480102399791753,-0.058922904016755984
615,-3.4408713169404757,-0.0339997731512196,-0.03484376128772576
616,1.2840301720600629,0.012603125319165853,0.013064322345586299
617,-14.254913375063776,-0.13812756398788617,-0.14042962164559303
618,-10.006078898385342,-0.09772502716712594,-0.10111762175748734
619,-3.2882661084120985,-0.032060677126133474,-0.03333818903975644
620,-4.384043414924646,-0.04263681126771346,-0.045584178771838846
621,-8.834556898730694,-0.08318033719162998,-0.089601827222684
622,-6.4519335027972,-0.06238035219509808,-0.06649678917046109
623,-0.26881333061697327,-0.002666349444274685,-0.0027341289016923342
624,1.8690310880401393,0.018038093654551446,0.0189342837127624
625,-0.4404304378709591,-0.00428860373769302,-0.0045236160279439885
626,-11.362688466966196,-0.10986611226749071,-0.1112835417651063
627,-4.60531918524545,-0.04464334345329546,-0.046104230462200024
628,-13.631106155921486,-0.13332498998545578,-0.1339726622666394
629,-11.527384658813325,-0.1113241824771421,-0.11148221000156855
630,-6.0792728369282,-0.05916811870777894,-0.06141682418557526
631,-6.5583167065052566,-0.06270510129394269,-0.0666751799612677
632,2.356187514977807,0.022600947245044245,0.023836044439168647
633,-4.927810708365048,-0.046713814053586766,-0.05164107345496893
634,-0.8711769754194427,-0.008428704405868293,-0.008790090495612024
635,3.0040649123416236,0.028304817815779093,0.031689174515535934
636,-4.784063980764025,-0.04642426688030776,-0.04858443394775347
637,-11.04029960896372,-0.10831642145500525,-0.11232176431292185
638,0.6134860170737766,0.005910683858729393,0.006035555932771275
639,-5.825841514754481,-0.056103387751866796,-0.0573387414375382
640,-11.576354304447934,-0.11235773885589401,-0.1195767057429461
641,-8.579413571966914,-0.08264317342767757,-0.08540166885638273
642,-9.684145430361696,-0.09370919310126696,-0.09407594661113727
643,-7.299504009040839,-0.07121469459867402,-0.076366851580352
644,-6.795446062548468,-0.0655946545135151,-0.06805209179168104
645,1.4033302375433003,0.013306736041160616,0.014459409209602536
646,-10.85120874422155,-0.10505767955620876,-0.10632169143058029
647,-2.572357974625059,-0.0250792090111136,-0.02649606332710136
648,-14.849735704616203,-0.14343373681532812,-0.1411801950635596
649,1.124651842840052,0.010726307671208524,0.011749105627988421
650,-6.1064277742366775,-0.059359047081403604,-0.06315258983060085
651,-7.564596910878051,-0.07287703743569263,-0.0777662109071608
652,-1.4753128470210302,-0.014456104189845553,-0.014755505549351844
653,-13.46962860238386,-0.13233085050047194,-0.13305614521771536
654,-9.84711350632921,-0.09602067625252564,-0.09572468700126308
655,-3.460012134918374,-0.033075400593797766,-0.03480495406091938
656,-1.9351015367215707,-0.019141341879168272,-0.019641956712800945
657,0.11900396154259334,0.001142355601603695,0.001233952591134957
658,-10.23847257034386,-0.09824691859205964,-0.1003714861946075
659,-10.553017810449933,-0.10374405367617001,-0.10325393521554888
660,-3.0521900726212006,-0.029496119240320806,-0.03081553794795361
661,-3.401830388148227,-0.032839322405407545,-0.03637563447468378
662,0.3363376243928383,0.0032991473356732692,0.003458718330774546
663,-3.2789524016776745,-0.032315680753284726,-0.0343951450081888
664,-5.873715350688958,-0.05709173994744032,-0.06018417628573891
665,-12.1039726099058,-0.11761815105400725,-0.1198139135444028
666,-13.110260605210899,-0.1289884673631757,-0.13037374355225578
667,-2.827519797187638,-0.027964055900704943,-0.02896351680871223
668,-8.859030046070144,-0.08511003460487487,-0.08948100444118628
669,-9.352689138794288,-0.09136530052034153,-0.09464976167139993
670,-8.393110480081118,-0.08143115671604284,-0.08466017830062722
671,6.125200551934569,0.05986303514136859,0.06670244351192728
672,-5.662962731898427,-0.055451712841745326,-0.056830984976671994
673,-11.573825863104917,-0.11044307281773502,-0.11368608106022887
674,-6.433172559126751,-0.06269675273011027,-0.06536639797051286
675,-4.990401248054871,-0.048608203124220206,-0.05091113136861514
676,-6.116808081274867,-0.058168729512290795,-0.06277035945442849
677,-6.221165740592238,-0.06018141913347286,-0.06356267520612263
678,-1.184417071647229,-0.01168057116205612,-0.012491037237564562
679,-10.345792720006953,-0.10204523096326035,-0.10870399938859998
680,2.301295281434898,0.021885960212321254,0.023332154613892764
681,0.011585115232619604,0.0001126244672751131,0.00012341126100384736
682,-10.122832413794553,-0.09952826675593257,-0.09935587571245846
683,-5.664190857939689,-0.05540326198043127,-0.0567386248164512
684,1.4876656811736477,0.014155700795796977,0.01518966212014311
685,-5.03978615061255,-0.049022823845271235,-0.05023226502224459
686,-5.779738979408481,-0.05610871150202046,-0.05777307446696389
687,-4.020992711690639,-0.03911437620841607,-0.04134854351494954
688,-4.639518251540837,-0.04461037469008822,-0.04663055106151803
689,-3.5832117716860172,-0.03472734118166776,-0.03654567640626183
690,-8.400221472503826,-0.08106522085595669,-0.08527461267329245
691,-6.570140231995731,-0.06343284737913901,-0.06669179055772495
692,-0.07565120908532612,-0.0007459277842623013,-0.0007840685133827519
693,1.8152303112521109,0.017545552595086944,0.017773360709074593
694,-4.879690111058877,-0.048207368181271026,-0.050274577507224694
695,-3.723515789655305,-0.03627791238339895,-0.03788107765215204
696,-7.712512380911381,-0.07492381873493642,-0.07583005254355346
697,3.470332512332257,0.03392882534266162,0.03654365847886448
698,-3.7356167708301378,-0.03587714760448302,-0.037592275621516624
699,-4.267006635494803,-0.040626776362913675,-0.04329178443732545
700,-8.145008287382007,-0.08083268865576099,-0.08133240357346877
701,-9.205639844139244,-0.08925693757321079,-0.09062794083579973
702,1.6854661300146443,0.016333319570161375,0.017051395034199834
703,-9.264509833194868,-0.08822254091922088,-0.09215532007608312
704,2.8926755788799396,0.02777495880540637,0.029300164410924145
705,-5.374115767941209,-0.05204975905511422,-0.055981815752423614
706,-0.7763246572028578,-0.007507870964349461,-0.007812899554338781
707,-9.147259849725275,-0.08901516593869224,-0.09355141295047786
708,-2.6354250344312717,-0.025672470992670227,-0.025599475682411554
709,-5.843573997513255,-0.05700963592647634,-0.0584583637077985
710,-2.2820041434578306,-0.022509311575298785,-0.023487408127691844
711,-1.9084159798552143,-0.01834737642243589,-0.019345873194562324
712,-1.2326249079452765,-0.011979656576679987,-0.012508486234560079
713,3.909880958383123,0.03820573464664567,0.04031444802984574
714,-4.503247717069194,-0.04407791149801643,-0.045505427976887
715,-7.470942869905908,-0.07250920300511965,-0.07738904466698515
716,0.5432862426237688,0.005362500180202123,0.0054875919702956355
717,-7.046645142841818,-0.06780141663357886,-0.07158525300063762
718,1.0944378939118422,0.010782996484117402,0.010991583119723813
719,-2.0227654601430443,-0.01995121863423155,-0.02075371813738608
720,-1.7056761819755732,-0.016800277972972344,-0.017768636514407188
721,0.577867338193019,0.005662798511060219,0.00590092064786174
722,-7.606478164601895,-0.0729324752717172,-0.07521039182544875
723,-14.545570590593748,-0.14139583516011267,-0.1455398006956063
724,-1.557894989038057,-0.01507331991085381,-0.015882403500609654
725,5.868382012821958,0.05645193030925011,0.05857664161897824
726,-9.018857521077239,-0.08827294945998077,-0.08620878190068149
727,-8.643588603617701,-0.08369990721645781,-0.08645231874217035
728,-5.055119762648694,-0.04973372758278094,-0.05215032390579083
729,-5.325589325648399,-0.051829915996946196,-0.05344763771103839
730,-11.816295178558041,-0.11240960386416476,-0.11943911285813646
731,-6.877010763550242,-0.06724561048816896,-0.06793632009348016
732,-4.395291334272537,-0.04305382673999403,-0.04450621979147684
733,-9.438181644102915,-0.0909612685877047,-0.09377606292056767
734,-6.088719306813458,-0.05970502535996858,-0.06170788361732188
735,-8.249630884343901,-0.07856991868243168,-0.08445141273631851
736,0.4751537562978148,0.004628574810853436,0.0049466792455643005
737,2.412102448556896,0.02288078494558854,0.025388597344576436
738,-5.424908655202376,-0.05183662714174919,-0.0563254043934045
739,-7.71488096508817,-0.07573366795564407,-0.07761652010526648
740,-8.125618329472065,-0.07800953360524199,-0.08160255115944859
741,-7.407666886457992,-0.07367033110550447,-0.07706244067600215
742,-10.346300130520213,-0.10226369520617012,-0.10069271612673852
743,-6.873159123994383,-0.06643603281324473,-0.07360632107236198
744,-12.759465009680785,-0.1217950669422701,-0.12474852890735005
745,-4.860158508827906,-0.047267985743688956,-0.04992345878550558
746,-5.948511908460263,-0.056649668604809356,-0.05955726414457563
747,-12.648912271027804,-0.12100469833827054,-0.1217212520326556
748,0.29971662866239046,0.002944272964609973,0.002979477241567108
749,-6.117184483041835,-0.05956268198241038,-0.06086151472438678
750,-3.091961325483262,-0.030007324109692313,-0.03205958187469338
751,1.1090451418293499,0.010726490926715182,0.011370016096554414
752,-3.9918970330601016,-0.03944108055108919,-0.04153880166809887
753,-10.080885829425291,-0.09792168767358883,-0.09992185690972616
754,-5.190995863391791,-0.05083585599312851,-0.052470748291966685
755,0.7578132207883378,0.007361506527449158,0.007909182653350055
756,-10.613223839021176,-0.1018868847286622,-0.10480361315771985
757,1.6438511862706233,0.016246354693659537,0.01731830921536842
758,-4.597824711219765,-0.04465900827860614,-0.04811765510074528
759,-0.8943420241952139,-0.008883625576690202,-0.009426685892395203
760,-9.48676811216523,-0.09338183429878505,-0.09580516432161973
761,0.17291949525648218,0.0017091404964404422,0.001777115575341992
762,-5.857260111642829,-0.05720202576757061,-0.05844313971216514
763,-2.323913828522772,-0.022709260114315732,-0.022752270439495792
764,-12.986068767902536,-0.12466189549139145,-0.12919360673089048
765,-6.565563392840014,-0.06426293061978006,-0.06505974614812055
766,-8.758042107531466,-0.08631741447069341,-0.08772484342154091
767,-7.835846221067647,-0.0763990733214957,-0.07663650664403654
768,-1.4353478486132183,-0.014022107761480496,-0.014830853503485786
769,-17.2791806817376,-0.1684390901447203,-0.1741888169767738
770,-7.742669298247075,-0.0753611689428555,-0.07861435599404887
771,2.717015331079218,0.02669635041441909,0.02888506266832619
772,-3.6305385924660842,-0.03534437266291457,-0.03758242376128179
773,-8.858252552863016,-0.08664582966347278,-0.08654631896480808
774,-5.133177884687243,-0.05018192099158181,-0.05092371485730912
775,-2.547471205426031,-0.024635497203133627,-0.02599048925906189
776,-9.460538025021666,-0.09214364927719404,-0.09656189625945533
777,1.1437603434581969,0.011279690979567047,0.011615318366386962
778,-12.157475190653884,-0.11731531216415086,-0.11879903105852452
779,-3.8535180071858344,-0.03715172919093279,-0.03917324923533977
780,-3.131669082272055,-0.03052201018574996,-0.0316637719804585
781,-5.04300510772791,-0.04885705376258731,-0.05018151367138912
782,4.654279276769928,0.04551995463943548,0.04764514941928133
783,3.7093613064768807,0.035889312818276786,0.03802513136213059
784,-8.58426341362508,-0.08314387638336723,-0.08564978846522187
785,-9.696283163160686,-0.09289862138356436,-0.09663551306169199
786,-17.895816101904142,-0.17490311367225087,-0.17449155504171848
787,-6.516115920207415,-0.06418036177380504,-0.0651725463147601
788,1.4631247601672317,0.014413259949602852,0.015128133298590307
789,-5.008535930130306,-0.04808955004455495,-0.050641245259466006
790,-3.5143995057268853,-0.034423993697413,-0.035404680913440956
791,-3.098245606967004,-0.029965626616188623,-0.0318115132372645
792,-1.0950217957844863,-0.010742742735150856,-0.01170467681293541
793,1.7738097314545893,0.01690722373407738,0.01810725385625178
794,-4.285583139410183,-0.04184671684415775,-0.044677489893116096
795,-6.489783728904138,-0.06363305724383295,-0.0649944605805512
796,-9.841432965127902,-0.0937987134505136,-0.10025279906383033
797,-11.011880849164868,-0.10737118767528958,-0.10542214168195668
798,-1.2430978092683616,-0.012196737409312597,-0.012913745023119483
799,-5.043740830540014,-0.049203370843120875,-0.051543381670214494
800,-2.844838609639003,-0.027481797084425996,-0.028990061131639655
801,-6.768727219076024,-0.06635433538250729,-0.06801359297134757
802,-9.719575205166027,-0.09668478832866023,-0.10011785448372323
803,-13.844280931108498,-0.13128426597036896,-0.138698944870987
804,-8.72608226370983,-0.08578540078079006,-0.0863337579603205
805,-6.3827898346884275,-0.06175224186182082,-0.06440583332692801
806,-5.40499151157299,-0.05353843499568284,-0.053973144423003105
807,-8.418417106772676,-0.08043198233337479,-0.08339082921441304
808,-11.430907447599651,-0.11008202774850784,-0.11858193687498042
809,-2.996983020373904,-0.029697823562783554,-0.02990342764814191
810,-7.829497222111209,-0.07671129476838068,-0.07929328084577997
811,-10.26589003519311,-0.09960641635811879,-0.10192498621999702
812,-9.938865790270972,-0.09541022233112173,-0.09945033249557389
813,2.00498072319667,0.019199675270895278,0.020469470756156738
814,-5.886979548820653,-0.05848225513889266,-0.05906416547287874
815,-4.876605933066257,-0.04651377056690964,-0.04963376824320315
816,-4.522562146274958,-0.04305457719740269,-0.047021165050665725
817,-5.739683887218602,-0.05612077393149939,-0.05704565197908279
818,-7.334046166989826,-0.07008528103630957,-0.07198207480217705
819,-7.962582975896641,-0.07694677581515241,-0.07981577649328214
820,-15.448392326159158,-0.15103205573036182,-0.15094603613646346
821,-6.151373179098135,-0.05968017183366492,-0.0636678786871297
822,-9.53736806936228,-0.09275289741447101,-0.09350272727500691
823,-1.131764872358548,-0.011123869276975173,-0.011467362763049549
824,-5.924336946046369,-0.0561466493055085,-0.06115574871785401
825,-4.473173850625264,-0.0444988598498785,-0.044609362840143774
826,3.976232452424796,0.03856142866655199,0.040836279572253775
827,-6.3950155520379335,-0.06097755170236108,-0.06583420446906324
828,-7.538677937113698,-0.0731232475712631,-0.07898361164070783
829,-6.247332594756175,-0.06087869253331202,-0.06210568788302773
830,-2.615789649811063,-0.025826993079768046,-0.025595624396699435
831,-2.532373483668018,-0.02472117047524347,-0.025494748538700596
832,0.30472246023408056,0.002912874273276689,0.0030032477615108966
833,-13.721548310749336,-0.13220266891219562,-0.13406902145768185
834,3.2182550745737193,0.0313225504007546,0.033259801663765465
835,1.547179273339084,0.014962685305381251,0.015524987690186565
836,-7.586558393228234,-0.07365885082607915,-0.07619769152565586
837,-11.333550881034022,-0.11095286619563532,-0.11296332180635776
838,-3.349938422386892,-0.03238108916445559,-0.03422583851707334
839,2.9454817521602608,0.028736547947316726,0.031493173212944425
840,-2.2415700691551184,-0.022488665190952384,-0.023528683296857145
841,2.468316921283424,0.024013827092644213,0.025953346070439254
842,-8.434084684524318,-0.08151739758402787,-0.08343588551140885
843,-13.050668991508902,-0.12878553751390132,-0.12742949169611933
844,-6.4384337159048615,-0.06210186587083477,-0.06563205352968438
845,-8.989540257574292,-0.08730997670514018,-0.09281003920155301
846,-2.084015990216095,-0.019999554775831818,-0.020905466186724342
847,-14.036859845883281,-0.13641940841626748,-0.13613216070898138
848,0.9705876427628031,0.009419602925235804,0.0099244194851969
849,3.343020664878912,0.03232994533825462,0.03509965720448888
850,-5.946213500853056,-0.05785027594420078,-0.0614727236065728
851,-7.22852041489791,-0.06993882542056218,-0.07341765991527721
852,6.336088259410755,0.06141135983331336,0.06573052642492272
853,-4.535738439705131,-0.04414009125606222,-0.04535779867181472
854,-0.28649738918231804,-0.002807311963586745,-0.0029205379876093285
855,-7.254803421855918,-0.07120755102964177,-0.07251916511169959
856,-9.72161047446926,-0.09559209958203552,-0.09412444205078269
857,-3.9063093419981167,-0.038314481387050736,-0.038970674978291986
858,-7.126825226166382,-0.07077866404433353,-0.0716877241972999
859,-8.11534997630219,-0.07847156616596052,-0.07981718385761927
860,-4.842480909979228,-0.04684686402425986,-0.04980350515533566
861,-7.836698532013598,-0.07572914509368078,-0.07799567538847901
862,-11.590353386590374,-0.1129450851082785,-0.11583904684798324
863,-3.3600990280061627,-0.033200762119633964,-0.03391406060736635
864,-3.395977738607779,-0.033159831398541506,-0.03373182312360845
865,-4.462557089162582,-0.043152148216585196,-0.04479508885638811
866,-0.8059069356326557,-0.00786331284678321,-0.008504030035954346
867,-7.686111749988007,-0.07455695138018537,-0.07641801079866806
868,-7.431347870096881,-0.07196040870212705,-0.076115002528783
869,-3.0813907431858834,-0.030115912774676512,-0.03125761536073951
870,-4.842093647039138,-0.04723404332963144,-0.04964329066942519
871,4.269929920419037,0.03957190208279382,0.046403037769887356
872,-10.266874249841935,-0.10172444656170748,-0.10101822337777733
873,-14.17169077900448,-0.141706285608865,-0.13676009175441056
874,-8.345038684643534,-0.0818874264620198,-0.08425975206764985
875,-4.87622134886871,-0.047586666351011164,-0.04981250043558205
876,-8.46567548657596,-0.08306963590565514,-0.08575404575218198
877,-13.563523895811835,-0.13313419002515486,-0.1361031956854809
878,-8.916050844149208,-0.08872262408508785,-0.08882712515242447
879,-0.6326867340203196,-0.0061732887911233325,-0.006458920612285979
880,-4.25575563795465,-0.040141078337688096,-0.0433456239793964
881,-3.562267553047909,-0.03469155383365696,-0.036601911013589505
882,-0.3176823249618391,-0.003001869438089,-0.003209907656068156
883,-5.360909688910596,-0.052532742970123336,-0.05744390138881744
884,-0.5489712740659314,-0.00546203607753637,-0.0055983906870492595
885,1.841796734222955,0.01772053453079392,0.01910407162504907
886,0.43932769100786195,0.004266337749885163,0.004670062798490138
887,-5.524065553374512,-0.05419709029025399,-0.05705338897394591
888,-12.700501537500454,-0.1219236533969098,-0.12375257587785371
889,-8.328322438982864,-0.08165063409514306,-0.0858541392843466
890,-3.6281935885148875,-0.03526221009941666,-0.03615884574234329
891,-16.399930920422452,-0.15764560893375024,-0.16185465514783293
892,-6.881969728199737,-0.06585913246343611,-0.06695856195079697
893,-6.304517369524736,-0.06155072224555086,-0.06373058601035414
894,-6.059146247399563,-0.058587162948398164,-0.06233178297578418
895,-5.6327559888318905,-0.054363731441339436,-0.05716468763307292
896,-6.187826529927948,-0.060897196773729956,-0.06264551133831592
897,-4.389746212858787,-0.04296325033821613,-0.043961659389924246
898,-6.923000068825856,-0.06741608122398807,-0.06892787419231433
899,-9.763435731415823,-0.09453222296047264,-0.09654778389125152
900,-4.540539970659514,-0.04364742148232026,-0.04705830971948716
901,-5.894628320868193,-0.05749795497960508,-0.05937511323123201
902,-13.66900209508408,-0.13083646581774638,-0.13476612271035965
903,-4.683864796353592,-0.044633256188919,-0.04905972976008688
904,-2.4902830290404436,-0.024413728687953107,-0.025048125682590572
905,-11.591116714747512,-0.1142091398411404,-0.1136501277532142
906,-5.654748649955652,-0.05505742316405382,-0.05678851138017027
907,1.1365775642230176,0.010963505383700833,0.0120262120955279
908,-7.70254388047738,-0.07495969557265464,-0.07616341676560023
909,-11.862748975950602,-0.11624209783048733,-0.11822307559801876
910,-7.612237825997031,-0.07374940459424173,-0.07541283454178954
911,-4.900326109485124,-0.0476991896766481,-0.05040897656731058
912,-0.40087457680411476,-0.00394672785032435,-0.004195106025627171
913,-2.607360981500412,-0.02524866237115364,-0.026297428629450892
914,-12.94914603010878,-0.12684779675183294,-0.12965902352763348
915,0.0506039422854427,0.0005000671792959599,0.0005145817495229021
916,-4.502261020969275,-0.044022900242192464,-0.04481127978545202
917,-11.755587636017237,-0.11467455043777691,-0.11810047188163486
918,4.917200874320651,0.0478827623826239,0.05147100163156221
919,-1.268563605412667,-0.012500069326809471,-0.013155456160676038
920,0.3758081337631229,0.0036367974839340844,0.003844251095297735
921,-0.22451226881326833,-0.0021820786679910276,-0.0022994905465583138
922,-8.221531282500356,-0.0785693298459923,-0.08154596106535023
923,-10.322985610118693,-0.09879535123355776,-0.10080328652099307
924,-5.3411245010519055,-0.05136865939732849,-0.05549842921661674
925,-6.824533209143321,-0.06776334372048426,-0.06897149657347795
926,-9.165793965855665,-0.08745236976715653,-0.09001801003246374
927,-6.921837845123482,-0.06789775476648119,-0.06634582212383772
928,-10.518652155301357,-0.10314042954112335,-0.10788211261159653
929,-4.025843960074958,-0.03896258728308777,-0.04072838053235678
930,-7.02698150575448,-0.0675328603945437,-0.06857201540893049
931,-5.41006280304942,-0.05358331764339663,-0.0531884679387446
932,-12.90755141153898,-0.12482769535421834,-0.12856170642056153
933,-4.389821905560216,-0.04234630736552414,-0.04481308042339516
934,-6.251169333342498,-0.060890734681510295,-0.06303543953124885
935,-4.693307162919633,-0.04482143930475191,-0.04940465036200192
936,-2.786776123044233,-0.026814144129346018,-0.028139597306442832
937,-9.82738107870686,-0.095364252915915,-0.09708572949846117
938,-4.727116454840892,-0.04647575353532962,-0.047883839548674645
939,7.14823945271119,0.06986142182334987,0.07460648467606812
940,6.020940766143735,0.05898325441457408,0.06368375589978997
941,0.8926811936710038,0.008654379778440191,0.00922353763085021
942,0.9239764664416997,0.009020051256230843,0.009653092260505869
943,-4.80980734718752,-0.04652252304271154,-0.049978876266568384
944,-1.700997083802649,-0.016287505777318412,-0.017280086687556262
945,-6.767707447063506,-0.06650546657884293,-0.06680272577370855
946,-0.074788300389661,-0.0007236084370577656,-0.0007504297731769638
947,-13.036608332652358,-0.12766905902259745,-0.13342544039109222
948,-8.431825776357696,-0.08306240624985556,-0.08563866018820532
949,-6.900067831229512,-0.06836190426418415,-0.0682534644281409
950,-8.277948942218416,-0.07916602322083277,-0.08230676334875014
951,-0.3239533256788517,-0.003118059929955619,-0.0032476195366492044
952,-6.550633568449574,-0.06303562716162259,-0.06765426014504133
953,-5.81951844898957,-0.05631183718030863,-0.059469013276564064
954,-5.525463701035045,-0.05393466944531655,-0.0566336497648649
955,-11.732598523451806,-0.11258764114380038,-0.11859222695951155
956,-6.221665915743081,-0.06071108147021942,-0.05912415939388993
957,1.3773553507565839,0.01344493490079779,0.014046574215435426
958,-1.0747707896127023,-0.010395181918386731,-0.010760061975605195
959,-0.06757425758557377,-0.0006572825984029196,-0.000680098467910395
960,-1.6140322107485876,-0.01579125321286945,-0.016449659124096516
961,-5.907455803196542,-0.05644995956908749,-0.05906019363389703
962,-4.358324682271736,-0.04295847298290156,-0.043385350546169876
963,-1.9456130451760036,-0.019214891831678016,-0.02038443834585546
964,-3.705508672816081,-0.03679757755556856,-0.03912452277196571
965,-9.087003595706372,-0.08804600442911703,-0.09421981870658042
966,-3.7868649582317304,-0.036972135879111856,-0.03821434182544153
967,-3.7423994115036,-0.0365165658671055,-0.03985946996971168
968,-1.573124445276089,-0.015116374505158237,-0.015931816067048132
969,-7.44170028411385,-0.07225985345902908,-0.07419087226996496
970,-4.795533581396121,-0.04683343397823769,-0.04907932098418766
971,-7.588804217324057,-0.07489223097923026,-0.07698992891886103
972,2.740565590440863,0.027097692409737473,0.029016311803585104
973,-4.998009786746541,-0.049242838342770434,-0.05242870888305701
974,-5.548322455213918,-0.05365213826041648,-0.05742368536936554
975,1.1941319269013366,0.011473811740848161,0.011747026681933559
976,-4.092317031674892,-0.03920997778374369,-0.04212440045734034
977,-15.258040665451901,-0.15061791207742814,-0.13934743364800325
978,-3.053448498555679,-0.02962818845958648,-0.030748567616387446
979,-11.940015233413936,-0.11775861978917418,-0.12226503641773506
980,0.13980255708628533,0.0013832816525115588,0.001404876036621483
981,-2.178644099902856,-0.02150069042963354,-0.0223021615986152
982,-7.924344723375923,-0.07713277525876883,-0.08098081705256538
983,-7.183563862506697,-0.06964555598821542,-0.07075793232823469
984,-0.24417950687881007,-0.0023617941850544444,-0.0024306425932632547
985,-7.777733837794223,-0.07408686797232134,-0.0793250207046432
986,-3.359717839986232,-0.03266847771683157,-0.033211941439696635
987,-5.6959435923471196,-0.05496537504405663,-0.05703381346033143
988,-3.509109330097334,-0.033628503506276886,-0.034490671153315056
989,-4.721111332824519,-0.04591265127082533,-0.04822309801312635
990,-5.551945189799048,-0.05402805339540606,-0.05564161185617977
991,-1.1149535640931025,-0.010784581835469709,-0.011378046186065416
992,-2.437103054015548,-0.023768686529098915,-0.024062838728326652
993,-12.025825528323308,-0.11516178035936436,-0.12231486820937615
994,-4.7827385737918435,-0.04571359383934559,-0.04712963628563582
995,-15.73655078309078,-0.1526045971012976,-0.15404329341448353
996,2.8103423990331606,0.02726389510189675,0.028802525693971348
997,-1.4777448923591567,-0.014320651803431228,-0.0152094469723425
998,-5.583587608259011,-0.055434248670277464,-0.0571116757756126
999,-1.575834437932341,-0.015016088980071896,-0.016110940253432682
1000,-18.758957429609794,-0.1834250235751292,-0.18269383466868572
