Characteristic,Overall,Chemoradiation,Radiation alone
N,252,126,126
"Age, median (IQR), years",67.0 (57.0-77.0),69.5 (62.0-77.0),67.0 (57.0-77.0)
Sex: Male,167 (66.3%),82 (65.1%),85 (67.5%)
Sex: Female,85 (33.7%),44 (34.9%),41 (32.5%)
T stage: T3,132 (52.4%),65 (51.6%),67 (53.2%)
T stage: T4A,102 (40.5%),51 (40.5%),51 (40.5%)
T stage: T4B,16 (6.3%),9 (7.1%),7 (5.6%)
T stage: T4NOS,2 (0.8%),1 (0.8%),1 (0.8%)
N stage: N0,128 (50.8%),71 (56.3%),57 (45.2%)
N stage: N2,67 (26.6%),32 (25.4%),35 (27.8%)
N stage: N3,30 (11.9%),9 (7.1%),21 (16.7%)
N stage: N1,27 (10.7%),14 (11.1%),13 (10.3%)
Stage group: Stage IV,167 (66.3%),79 (62.7%),88 (69.8%)
Stage group: Stage III,85 (33.7%),47 (37.3%),38 (30.2%)
Histology: Squamous cell carcinoma,65 (25.8%),34 (27.0%),31 (24.6%)
Histology: Adenoid cystic carcinoma,37 (14.7%),22 (17.5%),15 (11.9%)
Histology: Adenocarcinoma,37 (14.7%),19 (15.1%),18 (14.3%)
Histology: Mucoepidermoid carcinoma,26 (10.3%),12 (9.5%),14 (11.1%)
Histology: Carcinoma NOS,20 (7.9%),10 (7.9%),10 (7.9%)
Histology: Acinar cell carcinoma,20 (7.9%),7 (5.6%),13 (10.3%)
Histology: Carcinoma ex pleomorphic adenoma,17 (6.7%),6 (4.8%),11 (8.7%)
Histology: Myoepithelial carcinoma,7 (2.8%),3 (2.4%),4 (3.2%)
Histology: Neuroendocrine carcinoma,5 (2.0%),5 (4.0%),0 (0.0%)
Histology: Epithelial-myoepithelial carcinoma,4 (1.6%),0 (0.0%),4 (3.2%)
Histology: Mixed tumor,3 (1.2%),2 (1.6%),1 (0.8%)
Histology: Small cell carcinoma,3 (1.2%),1 (0.8%),2 (1.6%)
Histology: Oncocytic carcinoma,2 (0.8%),1 (0.8%),1 (0.8%)
Histology: adenomas and adenocarcinomas,2 (0.8%),1 (0.8%),1 (0.8%)
Histology: Adenosquamous carcinoma,1 (0.4%),1 (0.8%),0 (0.0%)
Histology: unspecified neoplasms,1 (0.4%),0 (0.0%),1 (0.8%)
Histology: complex mixed and stromal neoplasms,1 (0.4%),1 (0.8%),0 (0.0%)
"Histology: epithelial neoplasms, NOS",1 (0.4%),1 (0.8%),0 (0.0%)
Predicted chemotherapy benefit group: No predicted benefit,118 (46.8%),65 (51.6%),53 (42.1%)
Predicted chemotherapy benefit group: Large benefit,50 (19.8%),23 (18.3%),27 (21.4%)
Predicted chemotherapy benefit group: Small benefit,42 (16.7%),18 (14.3%),24 (19.0%)
Predicted chemotherapy benefit group: Moderate benefit,42 (16.7%),20 (15.9%),22 (17.5%)
