Month,Survival,Treatment
0.0,0.9988027459242851,0
1.0,0.9956723333407542,0
2.0,0.9872861612474501,0
3.0,0.9709983993503063,0
4.0,0.9550951228660276,0
5.0,0.9464648329249884,0
6.0,0.9279739701112594,0
7.0,0.9173251678707555,0
8.0,0.9064188004527862,0
9.0,0.8820091246269903,0
10.0,0.8672373469120919,0
11.0,0.8533894452991044,0
12.0,0.8398194004633984,0
13.0,0.8315468044217642,0
14.0,0.8138025800663979,0
15.0,0.7994733370229334,0
16.0,0.7936348302401868,0
17.0,0.7867827709642446,0
18.0,0.7794406622254744,0
19.0,0.771595966849969,0
20.0,0.7667346724656459,0
21.0,0.7483508474174615,0
22.0,0.7411730883210464,0
23.0,0.7295773700945398,0
24.0,0.7215592610566469,0
25.0,0.7139395651778193,0
26.0,0.7039244638562032,0
27.0,0.6958624934741962,0
28.0,0.6915029172774865,0
29.0,0.6829504045884848,0
30.0,0.6784965141913357,0
31.0,0.6666745154369682,0
32.0,0.6605412370037628,0
33.0,0.6565310609972875,0
34.0,0.6494043971478571,0
35.0,0.6402821417068075,0
36.0,0.6272449556744639,0
37.0,0.6200998799552788,0
38.0,0.6141868618555094,0
39.0,0.6097174719723832,0
40.0,0.6097174719723832,0
41.0,0.5937050519853962,0
42.0,0.5888427549397407,0
43.0,0.5888427549397407,0
44.0,0.5857173094459631,0
45.0,0.5803706771192733,0
46.0,0.5756854543699826,0
47.0,0.5723342716015521,0
48.0,0.5689107643477698,0
49.0,0.5675185931792006,0
50.0,0.5631716463705378,0
51.0,0.5540624293332079,0
52.0,0.5530469913367634,0
53.0,0.5497999492596664,0
54.0,0.5456145965218683,0
55.0,0.5350300809678528,0
56.0,0.5279656514641689,0
57.0,0.5221844898049468,0
58.0,0.5159144984727008,0
59.0,0.5126704274966826,0
60.0,0.5087512764172136,0
61.0,0.5036792756244061,0
62.0,0.4986781028732256,0
63.0,0.495083982900522,0
64.0,0.485777807707538,0
65.0,0.4843525633445072,0
66.0,0.4809075553483026,0
67.0,0.4770163698854885,0
68.0,0.475313875688618,0
69.0,0.4696638342744099,0
70.0,0.46377079831541357,0
71.0,0.4599461488938543,0
72.0,0.45812480256680105,0
73.0,0.4573116609015754,0
74.0,0.45650054890229297,0
75.0,0.44601980334636676,0
76.0,0.4443488979700546,0
77.0,0.44269183911313403,0
78.0,0.43718079264474674,0
79.0,0.4354665821328361,0
80.0,0.4354665821328361,0
81.0,0.4354665821328361,0
82.0,0.43345469122292585,0
83.0,0.4302540245975086,0
84.0,0.4259958185722385,0
85.0,0.4259958185722385,0
86.0,0.424748460068458,0
87.0,0.42263429727969604,0
88.0,0.42263429727969604,0
89.0,0.418537009151477,0
90.0,0.4138488269947711,0
91.0,0.40819330514897784,0
92.0,0.405611305333544,0
93.0,0.401750465460173,0
94.0,0.3976389517351136,0
95.0,0.3976389517351136,0
96.0,0.3916183950245912,0
97.0,0.38930993827084814,0
98.0,0.38930993827084814,0
99.0,0.38930993827084814,0
100.0,0.3817987075626331,0
101.0,0.3789236732337056,0
102.0,0.3789236732337056,0
103.0,0.3789236732337056,0
104.0,0.3764650518975106,0
105.0,0.37374852024508876,0
106.0,0.37374852024508876,0
107.0,0.3680614118755633,0
108.0,0.3680614118755633,0
109.0,0.3651895675731811,0
110.0,0.36247282936962366,0
111.0,0.3596152103584264,0
112.0,0.3596152103584264,0
113.0,0.3581479929239097,0
114.0,0.3547743671878549,0
115.0,0.3547743671878549,0
116.0,0.3547743671878549,0
117.0,0.3547743671878549,0
118.0,0.3547743671878549,0
119.0,0.3516638597019207,0
120.0,0.34859170509520937,0
0.0,0.9987114766407679,1
1.0,0.9953432223366377,1
2.0,0.9863255721996401,1
3.0,0.9688350593358188,1
4.0,0.9517877563985615,1
5.0,0.9425492319899573,1
6.0,0.9227851766261586,1
7.0,0.9114217826117454,1
8.0,0.8997977258768091,1
9.0,0.8738341121976075,1
10.0,0.8581573286757885,1
11.0,0.8434854332544783,1
12.0,0.829130991182232,1
13.0,0.8203914736647723,1
14.0,0.8016746972335529,1
15.0,0.7865891129635952,1
16.0,0.7804499216126144,1
17.0,0.7732505379295179,1
18.0,0.7655429512007652,1
19.0,0.7573154359582875,1
20.0,0.7522209064429423,1
21.0,0.7329828747243391,1
22.0,0.7254836155588633,1
23.0,0.7133828791514991,1
24.0,0.7050260036808593,1
25.0,0.6970923312874246,1
26.0,0.686676410515559,1
27.0,0.6783016337393899,1
28.0,0.6737765825730123,1
29.0,0.664906981994865,1
30.0,0.6602919320171353,1
31.0,0.6480554334378662,1
32.0,0.641714747350826,1
33.0,0.6375717962255802,1
34.0,0.6302147299605643,1
35.0,0.6208079904597155,1
36.0,0.6073847265609346,1
37.0,0.6000383711730339,1
38.0,0.5939643418566777,1
39.0,0.5893766089886235,1
40.0,0.5893766089886235,1
41.0,0.5729641168872546,1
42.0,0.5679877897960114,1
43.0,0.5679877897960114,1
44.0,0.564790893243544,1
45.0,0.5593253947476086,1
46.0,0.5545395141907986,1
47.0,0.5511183500923459,1
48.0,0.547625093252797,1
49.0,0.546205063196769,1
50.0,0.5417730129911825,1
51.0,0.5324947566144982,1
52.0,0.5314612586297851,1
53.0,0.5281575257085002,1
54.0,0.523901486863519,1
55.0,0.5131502755365057,1
56.0,0.5059842792366699,1
57.0,0.5001258175835154,1
58.0,0.4937779467586289,1
59.0,0.49049602695016886,1
60.0,0.48653338566446575,1
61.0,0.4814087473041151,1
62.0,0.47635971901212604,1
63.0,0.4727337009976411,1
64.0,0.46335468518256967,1
65.0,0.4619195341027541,1
66.0,0.4584519572306313,1
67.0,0.4545376302557989,1
68.0,0.45282579774122317,1
69.0,0.44714821140750716,1
70.0,0.44123211658943917,1
71.0,0.4373956180289549,1
72.0,0.4355694950084262,1
73.0,0.43475440163817486,1
74.0,0.433941454177182,1
75.0,0.4234470433527973,1
76.0,0.4217756926108528,1
77.0,0.4201186653841489,1
78.0,0.41461112653081983,1
79.0,0.4128990776132485,1
80.0,0.4128990776132485,1
81.0,0.4128990776132485,1
82.0,0.4108903740378003,1
83.0,0.40769622953752,1
84.0,0.4034494745406655,1
85.0,0.4034494745406655,1
86.0,0.40220607230655325,1
87.0,0.40009923990084545,1
88.0,0.40009923990084545,1
89.0,0.39601840279246153,1
90.0,0.39135269334106015,1
91.0,0.3857294957225322,1
92.0,0.3831641597756948,1
93.0,0.3793304784331564,1
94.0,0.3752508534641134,1
95.0,0.3752508534641134,1
96.0,0.36928254738293587,1
97.0,0.36699588575870135,1
98.0,0.36699588575870135,1
99.0,0.36699588575870135,1
100.0,0.3595623743108456,1
101.0,0.35671985808239304,1
102.0,0.35671985808239304,1
103.0,0.35671985808239304,1
104.0,0.3542902685883468,1
105.0,0.35160713088765105,1
106.0,0.35160713088765105,1
107.0,0.3459944321689387,1
108.0,0.3459944321689387,1
109.0,0.34316248892807893,1
110.0,0.3404849412746793,1
111.0,0.337670066812015,1
112.0,0.337670066812015,1
113.0,0.3362254043999662,1
114.0,0.3329052115199991,1
115.0,0.3329052115199991,1
116.0,0.3329052115199991,1
117.0,0.3329052115199991,1
118.0,0.3329052115199991,1
119.0,0.32984591762171384,1
120.0,0.32682618843926164,1
