Subgroup_Type,Subgroup,N,Observed_Chemoradiation_Rate_Percent,Mean_Predicted_Benefit_Months,Median_Predicted_Benefit_Months,Patients_With_Positive_Predicted_Benefit_Percent
Predicted benefit group,Large benefit,161,26.08695652173913,17.871236677562198,17.816574006527436,100.0
Predicted benefit group,Moderate benefit,157,40.12738853503185,8.715374697186988,8.72106439814251,100.0
Histology,Squamous cell carcinoma,219,36.986301369863014,8.25447888515489,8.72106439814251,76.25570776255708
N stage,N3,99,54.54545454545454,6.7591529375471895,6.063911651578511,85.85858585858585
Histology,Adenocarcinoma,193,35.233160621761655,3.2944479179085486,4.764667648832251,70.98445595854922
Predicted benefit group,Small benefit,178,34.831460674157306,3.1217956919834893,3.0431657098509106,100.0
Stage group,Stage IV,617,37.925445705024316,1.6020218392188663,2.999632067510916,61.102106969205835
T stage,T4A,345,31.30434782608696,1.263308575032511,2.914351909774325,58.84057971014492
N stage,N2,268,44.776119402985074,0.8481065293703303,2.616555273165149,57.08955223880597
Histology,Carcinoma ex pleomorphic adenoma,44,31.818181818181817,0.5357477948265221,4.711337412314176,61.36363636363637
N stage,N1,125,24.0,0.46832600654984297,1.516974214624483,55.2
T stage,T4B,81,44.44444444444444,-2.1104061532296794,0.9015852314841055,51.85185185185185
T stage,T3,522,26.245210727969347,-3.5550894644541655,-1.1601516745845064,47.509578544061306
Histology,Mucoepidermoid carcinoma,110,15.454545454545453,-3.642511508091818,-0.27473174209644213,47.27272727272727
Histology,Carcinoma NOS,71,43.66197183098591,-3.792709651352385,-3.7798882880032636,29.577464788732392
Histology,Acinar cell carcinoma,69,15.942028985507244,-4.777005850452553,-5.333606763776558,43.47826086956522
N stage,N0,462,17.0995670995671,-5.54298071100943,-3.7798882880032636,40.909090909090914
Stage group,Stage III,337,14.540059347181009,-7.698264456312304,-5.504817734614491,35.311572700296736
Predicted benefit group,No predicted benefit,458,25.327510917030565,-13.989367276633491,-11.295122736205997,0.0
Histology,Adenoid cystic carcinoma,135,20.0,-20.53322716161262,-18.968098301834125,3.7037037037037033
